0,1,2,3,4,5,6,7,8,9,10,11,12,13,14,15,16,17,18,19,20,21,22,23
DELHI,30.0,22.0,25.0,126.0,104.0,110.0,80.0,84.0,40.0,39.0,165.0,129.0,88.0,99.0,110.0,77.0,45.0,215.0,18.0,13.0,21.0,21.0,01/01/2017
DELHI,30.0,22.0,25.0,124.0,104.0,108.0,80.0,84.0,40.0,39.0,165.0,129.0,88.0,99.0,108.0,77.0,45.0,215.0,18.0,13.0,21.0,21.0,02/01/2017
DELHI,30.0,22.0,25.0,122.0,103.0,106.0,80.0,84.0,40.0,39.0,165.0,129.0,88.0,99.0,108.0,77.0,45.0,215.0,18.0,13.0,21.0,21.0,03/01/2017
DELHI,30.0,22.0,25.0,122.0,103.0,106.0,80.0,84.0,41.0,39.0,165.0,129.0,88.0,99.0,108.0,77.0,45.0,215.0,18.0,13.0,21.0,21.0,04/01/2017
DELHI,30.0,22.0,25.0,122.0,103.0,106.0,80.0,84.0,41.0,39.0,165.0,129.0,88.0,99.0,108.0,77.0,45.0,215.0,18.0,13.0,21.0,21.0,05/01/2017
DELHI,30.0,22.0,25.0,121.0,103.0,106.0,80.0,84.0,41.0,39.0,165.0,128.0,88.0,99.0,108.0,77.0,45.0,215.0,18.0,13.0,21.0,21.0,06/01/2017
DELHI,30.0,22.0,25.0,121.0,103.0,106.0,80.0,84.0,41.0,39.0,165.0,128.0,88.0,99.0,108.0,77.0,45.0,215.0,18.0,13.0,21.0,20.0,07/01/2017
DELHI,30.0,22.0,25.0,121.0,103.0,106.0,80.0,84.0,41.0,39.0,165.0,128.0,88.0,99.0,108.0,77.0,45.0,215.0,18.0,13.0,21.0,19.0,08/01/2017
DELHI,30.0,22.0,25.0,121.0,102.0,105.0,80.0,84.0,39.0,39.0,165.0,127.0,88.0,99.0,108.0,77.0,45.0,215.0,18.0,13.0,21.0,21.0,09/01/2017
DELHI,30.0,22.0,25.0,121.0,102.0,105.0,80.0,84.0,41.0,39.0,165.0,127.0,88.0,99.0,108.0,77.0,45.0,215.0,18.0,13.0,21.0,21.0,10/01/2017
DELHI,30.0,22.0,25.0,121.0,102.0,105.0,80.0,84.0,41.0,39.0,165.0,127.0,88.0,99.0,108.0,77.0,45.0,215.0,18.0,13.0,21.0,21.0,11/01/2017
DELHI,30.0,23.0,25.0,121.0,102.0,105.0,80.0,84.0,41.0,39.0,165.0,127.0,88.0,99.0,108.0,77.0,45.0,215.0,18.0,13.0,21.0,20.0,12/01/2017
DELHI,30.0,23.0,25.0,121.0,102.0,105.0,80.0,84.0,42.0,39.0,165.0,127.0,88.0,99.0,108.0,77.0,45.0,215.0,18.0,13.0,21.0,20.0,13/01/2017
DELHI,30.0,23.0,25.0,121.0,102.0,105.0,80.0,84.0,42.0,39.0,165.0,127.0,88.0,99.0,108.0,77.0,45.0,215.0,18.0,13.0,21.0,20.0,14/01/2017
DELHI,30.0,23.0,25.0,121.0,102.0,105.0,80.0,84.0,42.0,39.0,165.0,127.0,88.0,99.0,108.0,77.0,45.0,215.0,18.0,13.0,21.0,20.0,15/01/2017
DELHI,30.0,24.0,26.0,113.0,102.0,105.0,80.0,84.0,43.0,39.0,165.0,127.0,88.0,99.0,108.0,77.0,45.0,215.0,18.0,12.0,21.0,20.0,16/01/2017
DELHI,30.0,24.0,26.0,113.0,102.0,105.0,80.0,84.0,43.0,39.0,165.0,127.0,88.0,99.0,108.0,77.0,46.0,215.0,18.0,12.0,21.0,20.0,17/01/2017
DELHI,30.0,24.0,26.0,113.0,102.0,105.0,80.0,84.0,43.0,39.0,165.0,127.0,88.0,99.0,108.0,77.0,46.0,215.0,18.0,13.0,21.0,20.0,18/01/2017
DELHI,30.0,23.0,26.0,113.0,102.0,105.0,80.0,84.0,43.0,39.0,165.0,127.0,90.0,99.0,108.0,77.0,46.0,215.0,18.0,13.0,21.0,20.0,19/01/2017
DELHI,30.0,23.0,26.0,113.0,102.0,105.0,80.0,84.0,43.0,39.0,171.0,125.0,90.0,99.0,108.0,77.0,46.0,215.0,18.0,13.0,21.0,20.0,20/01/2017
DELHI,30.0,23.0,26.0,113.0,102.0,105.0,80.0,84.0,43.0,39.0,171.0,125.0,90.0,99.0,108.0,77.0,46.0,215.0,18.0,13.0,21.0,20.0,21/01/2017
DELHI,30.0,23.0,26.0,113.0,102.0,105.0,80.0,84.0,43.0,39.0,171.0,125.0,90.0,99.0,108.0,77.0,46.0,215.0,18.0,13.0,21.0,20.0,22/01/2017
DELHI,30.0,23.0,26.0,113.0,102.0,110.0,85.0,84.0,42.0,39.0,171.0,127.0,89.0,99.0,108.0,77.0,46.0,215.0,18.0,13.0,20.0,20.0,23/01/2017
DELHI,31.0,23.0,26.0,112.0,102.0,110.0,84.0,84.0,42.0,39.0,171.0,127.0,89.0,99.0,108.0,77.0,46.0,215.0,18.0,13.0,20.0,20.0,24/01/2017
DELHI,31.0,23.0,26.0,112.0,102.0,110.0,84.0,84.0,42.0,39.0,171.0,127.0,89.0,99.0,108.0,77.0,46.0,215.0,18.0,13.0,20.0,20.0,25/01/2017
DELHI,,,,,,,,,,,,,,,,,,,,,,,26/01/2017
DELHI,31.0,23.0,26.0,112.0,102.0,110.0,84.0,84.0,42.0,39.0,171.0,127.0,89.0,99.0,108.0,78.0,46.0,215.0,18.0,13.0,20.0,23.0,27/01/2017
DELHI,31.0,23.0,26.0,112.0,102.0,110.0,84.0,84.0,42.0,39.0,171.0,127.0,89.0,99.0,108.0,78.0,46.0,215.0,18.0,13.0,20.0,23.0,28/01/2017
DELHI,31.0,23.0,26.0,112.0,102.0,110.0,84.0,84.0,42.0,39.0,171.0,127.0,89.0,99.0,108.0,78.0,46.0,215.0,18.0,13.0,20.0,23.0,29/01/2017
DELHI,31.0,23.0,26.0,112.0,102.0,110.0,84.0,84.0,42.0,39.0,171.0,127.0,89.0,99.0,108.0,78.0,46.0,215.0,18.0,13.0,20.0,23.0,30/01/2017
DELHI,31.0,23.0,26.0,107.0,102.0,110.0,84.0,84.0,42.0,39.0,171.0,127.0,89.0,99.0,108.0,79.0,46.0,215.0,18.0,13.0,20.0,21.0,31/01/2017
DELHI,31.0,23.0,26.0,107.0,102.0,110.0,84.0,84.0,42.0,39.0,171.0,127.0,89.0,99.0,108.0,79.0,46.0,215.0,18.0,13.0,20.0,21.0,01/02/2017
DELHI,31.0,23.0,26.0,106.0,97.0,105.0,84.0,84.0,42.0,39.0,171.0,127.0,89.0,99.0,106.0,79.0,46.0,215.0,18.0,13.0,20.0,21.0,02/02/2017
DELHI,31.0,23.0,26.0,106.0,97.0,105.0,84.0,84.0,42.0,39.0,171.0,127.0,89.0,99.0,106.0,79.0,46.0,215.0,18.0,13.0,20.0,22.0,03/02/2017
DELHI,31.0,23.0,26.0,106.0,97.0,105.0,84.0,84.0,42.0,39.0,171.0,127.0,89.0,99.0,106.0,79.0,46.0,215.0,18.0,13.0,20.0,22.0,04/02/2017
DELHI,31.0,23.0,26.0,106.0,97.0,105.0,84.0,84.0,42.0,39.0,171.0,127.0,89.0,99.0,106.0,79.0,46.0,215.0,18.0,13.0,20.0,22.0,05/02/2017
DELHI,31.0,23.0,26.0,104.0,96.0,105.0,84.0,84.0,42.0,39.0,171.0,127.0,89.0,99.0,106.0,79.0,46.0,215.0,18.0,13.0,20.0,22.0,06/02/2017
DELHI,32.0,23.0,25.0,104.0,96.0,105.0,84.0,84.0,43.0,39.0,171.0,125.0,90.0,99.0,106.0,79.0,46.0,215.0,18.0,13.0,20.0,22.0,07/02/2017
DELHI,32.0,23.0,25.0,104.0,96.0,105.0,84.0,84.0,43.0,39.0,171.0,125.0,90.0,99.0,106.0,79.0,46.0,215.0,18.0,13.0,20.0,22.0,08/02/2017
DELHI,32.0,22.0,25.0,97.0,93.0,102.0,81.0,84.0,42.0,39.0,171.0,125.0,90.0,99.0,106.0,79.0,46.0,223.0,18.0,13.0,20.0,21.0,09/02/2017
DELHI,32.0,22.0,24.0,92.0,92.0,102.0,81.0,84.0,42.0,39.0,171.0,125.0,89.0,99.0,106.0,79.0,45.0,223.0,18.0,13.0,20.0,21.0,10/02/2017
DELHI,32.0,22.0,24.0,92.0,92.0,102.0,81.0,84.0,42.0,39.0,171.0,125.0,89.0,99.0,106.0,79.0,45.0,223.0,18.0,13.0,20.0,21.0,11/02/2017
DELHI,32.0,22.0,24.0,92.0,92.0,102.0,81.0,84.0,42.0,39.0,171.0,125.0,89.0,99.0,106.0,79.0,45.0,223.0,18.0,13.0,20.0,21.0,12/02/2017
DELHI,32.0,22.0,24.0,89.0,89.0,99.0,79.0,84.0,42.0,39.0,171.0,125.0,89.0,99.0,106.0,79.0,45.0,223.0,18.0,13.0,20.0,21.0,13/02/2017
DELHI,32.0,22.0,24.0,89.0,89.0,99.0,79.0,84.0,42.0,39.0,171.0,125.0,89.0,99.0,106.0,79.0,45.0,223.0,18.0,13.0,20.0,21.0,14/02/2017
DELHI,32.0,22.0,24.0,89.0,89.0,99.0,79.0,84.0,42.0,39.0,171.0,125.0,89.0,99.0,106.0,79.0,45.0,223.0,18.0,13.0,20.0,23.0,15/02/2017
DELHI,32.0,22.0,24.0,89.0,89.0,99.0,79.0,84.0,42.0,39.0,171.0,124.0,89.0,99.0,106.0,79.0,45.0,223.0,18.0,13.0,20.0,23.0,16/02/2017
DELHI,32.0,22.0,24.0,89.0,89.0,99.0,79.0,84.0,42.0,39.0,171.0,124.0,89.0,99.0,106.0,79.0,45.0,223.0,18.0,13.0,20.0,23.0,17/02/2017
DELHI,32.0,22.0,24.0,89.0,89.0,99.0,79.0,84.0,42.0,39.0,171.0,124.0,89.0,99.0,106.0,79.0,45.0,223.0,18.0,13.0,20.0,23.0,18/02/2017
DELHI,32.0,22.0,24.0,89.0,89.0,99.0,79.0,84.0,42.0,39.0,171.0,124.0,89.0,99.0,106.0,79.0,45.0,223.0,18.0,13.0,20.0,23.0,19/02/2017
DELHI,32.0,22.0,24.0,89.0,89.0,99.0,79.0,84.0,42.0,39.0,171.0,124.0,89.0,99.0,106.0,79.0,45.0,223.0,18.0,13.0,20.0,23.0,20/02/2017
DELHI,32.0,22.0,24.0,89.0,89.0,99.0,79.0,84.0,42.0,39.0,171.0,124.0,89.0,99.0,106.0,79.0,45.0,223.0,18.0,13.0,20.0,23.0,21/02/2017
DELHI,32.0,22.0,24.0,89.0,89.0,99.0,79.0,84.0,42.0,39.0,171.0,124.0,89.0,99.0,106.0,79.0,45.0,223.0,18.0,13.0,20.0,23.0,22/02/2017
DELHI,32.0,22.0,24.0,89.0,89.0,99.0,79.0,84.0,42.0,39.0,171.0,122.0,88.0,99.0,106.0,79.0,45.0,223.0,18.0,13.0,20.0,23.0,23/02/2017
DELHI,32.0,22.0,24.0,89.0,89.0,99.0,79.0,84.0,42.0,39.0,171.0,122.0,88.0,99.0,106.0,79.0,45.0,223.0,18.0,11.0,20.0,23.0,24/02/2017
DELHI,32.0,22.0,24.0,89.0,89.0,99.0,79.0,84.0,42.0,39.0,171.0,122.0,88.0,99.0,106.0,79.0,45.0,223.0,18.0,11.0,20.0,23.0,25/02/2017
DELHI,32.0,22.0,24.0,89.0,89.0,99.0,79.0,84.0,42.0,39.0,171.0,122.0,88.0,99.0,106.0,79.0,45.0,223.0,18.0,11.0,20.0,23.0,26/02/2017
DELHI,32.0,22.0,24.0,89.0,89.0,99.0,79.0,84.0,42.0,39.0,171.0,122.0,88.0,99.0,106.0,79.0,45.0,223.0,18.0,13.0,20.0,25.0,27/02/2017
DELHI,32.0,22.0,24.0,89.0,89.0,99.0,79.0,84.0,42.0,39.0,171.0,122.0,88.0,99.0,106.0,79.0,45.0,223.0,18.0,13.0,20.0,24.0,28/02/2017
DELHI,32.0,22.0,24.0,89.0,89.0,99.0,79.0,84.0,42.0,39.0,171.0,122.0,88.0,99.0,106.0,79.0,45.0,223.0,18.0,13.0,20.0,24.0,01/03/2017
DELHI,32.0,22.0,24.0,89.0,89.0,99.0,79.0,84.0,42.0,39.0,171.0,122.0,88.0,99.0,106.0,79.0,45.0,223.0,18.0,13.0,20.0,24.0,02/03/2017
DELHI,32.0,22.0,24.0,89.0,89.0,99.0,79.0,84.0,42.0,39.0,171.0,122.0,88.0,99.0,106.0,79.0,45.0,223.0,18.0,13.0,20.0,24.0,03/03/2017
DELHI,32.0,22.0,24.0,89.0,89.0,99.0,79.0,84.0,42.0,39.0,171.0,122.0,88.0,99.0,106.0,79.0,45.0,223.0,18.0,12.0,20.0,24.0,04/03/2017
DELHI,32.0,22.0,24.0,89.0,89.0,99.0,79.0,84.0,42.0,39.0,171.0,122.0,88.0,99.0,106.0,79.0,45.0,223.0,18.0,12.0,20.0,24.0,05/03/2017
DELHI,32.0,22.0,24.0,89.0,89.0,99.0,79.0,84.0,42.0,39.0,171.0,122.0,88.0,99.0,106.0,79.0,45.0,223.0,18.0,13.0,20.0,24.0,06/03/2017
DELHI,32.0,22.0,24.0,89.0,89.0,99.0,79.0,84.0,42.0,39.0,171.0,122.0,88.0,99.0,106.0,79.0,45.0,223.0,18.0,13.0,20.0,24.0,07/03/2017
DELHI,32.0,22.0,24.0,89.0,89.0,99.0,79.0,84.0,42.0,39.0,171.0,121.0,88.0,99.0,106.0,79.0,45.0,223.0,18.0,13.0,20.0,24.0,08/03/2017
DELHI,32.0,22.0,25.0,89.0,89.0,99.0,79.0,84.0,43.0,39.0,165.0,121.0,88.0,98.0,106.0,78.0,45.0,223.0,18.0,13.0,20.0,24.0,09/03/2017
DELHI,32.0,22.0,25.0,89.0,89.0,99.0,79.0,84.0,43.0,39.0,165.0,121.0,88.0,98.0,106.0,78.0,45.0,223.0,18.0,13.0,20.0,24.0,10/03/2017
DELHI,32.0,22.0,25.0,89.0,89.0,99.0,79.0,84.0,43.0,42.0,165.0,121.0,88.0,98.0,106.0,78.0,45.0,223.0,18.0,13.0,20.0,24.0,11/03/2017
DELHI,32.0,22.0,25.0,89.0,89.0,99.0,79.0,84.0,43.0,42.0,165.0,121.0,88.0,98.0,106.0,78.0,45.0,223.0,18.0,13.0,20.0,24.0,12/03/2017
DELHI,,,,,,,,,,,,,,,,,,,,,,,13/03/2017
DELHI,32.0,22.0,25.0,89.0,89.0,99.0,79.0,84.0,43.0,42.0,165.0,121.0,88.0,98.0,106.0,78.0,45.0,223.0,18.0,13.0,20.0,24.0,14/03/2017
DELHI,32.0,22.0,24.0,86.0,89.0,99.0,79.0,81.0,42.0,42.0,165.0,121.0,87.0,97.0,106.0,78.0,46.0,223.0,18.0,13.0,20.0,24.0,15/03/2017
DELHI,32.0,21.0,24.0,86.0,89.0,99.0,79.0,81.0,42.0,42.0,165.0,121.0,87.0,97.0,106.0,78.0,46.0,223.0,18.0,13.0,20.0,24.0,16/03/2017
DELHI,32.0,21.0,24.0,86.0,89.0,99.0,79.0,81.0,42.0,42.0,165.0,120.0,87.0,97.0,106.0,78.0,46.0,223.0,18.0,12.0,20.0,24.0,17/03/2017
DELHI,32.0,21.0,24.0,86.0,89.0,99.0,79.0,81.0,42.0,42.0,165.0,120.0,87.0,97.0,106.0,78.0,46.0,223.0,18.0,12.0,20.0,24.0,18/03/2017
DELHI,32.0,21.0,24.0,86.0,89.0,99.0,79.0,81.0,42.0,42.0,165.0,120.0,87.0,97.0,106.0,78.0,46.0,223.0,18.0,12.0,20.0,24.0,19/03/2017
DELHI,32.0,21.0,24.0,86.0,89.0,99.0,79.0,81.0,42.0,42.0,165.0,120.0,87.0,97.0,106.0,78.0,46.0,223.0,18.0,12.0,20.0,24.0,20/03/2017
DELHI,32.0,21.0,23.0,84.0,86.0,99.0,79.0,81.0,42.0,42.0,165.0,120.0,87.0,96.0,106.0,78.0,46.0,223.0,18.0,12.0,20.0,24.0,21/03/2017
DELHI,32.0,21.0,23.0,84.0,86.0,99.0,79.0,81.0,42.0,42.0,165.0,120.0,87.0,96.0,106.0,78.0,46.0,223.0,18.0,12.0,20.0,24.0,22/03/2017
DELHI,32.0,21.0,23.0,84.0,86.0,99.0,79.0,81.0,42.0,42.0,165.0,120.0,87.0,96.0,106.0,78.0,46.0,223.0,18.0,12.0,20.0,26.0,23/03/2017
DELHI,32.0,21.0,23.0,85.0,86.0,99.0,79.0,81.0,42.0,42.0,165.0,120.0,87.0,96.0,106.0,78.0,46.0,223.0,18.0,12.0,20.0,24.0,24/03/2017
DELHI,32.0,21.0,23.0,85.0,86.0,99.0,79.0,81.0,42.0,42.0,165.0,120.0,87.0,96.0,106.0,78.0,46.0,223.0,18.0,12.0,20.0,24.0,25/03/2017
DELHI,32.0,21.0,23.0,85.0,86.0,99.0,79.0,81.0,42.0,42.0,165.0,120.0,87.0,96.0,106.0,78.0,46.0,223.0,18.0,12.0,20.0,24.0,26/03/2017
DELHI,32.0,21.0,24.0,88.0,86.0,99.0,81.0,81.0,42.0,42.0,164.0,120.0,87.0,96.0,106.0,77.0,46.0,223.0,18.0,12.0,20.0,28.0,27/03/2017
DELHI,32.0,21.0,24.0,88.0,86.0,99.0,81.0,81.0,42.0,42.0,164.0,120.0,87.0,96.0,106.0,77.0,46.0,223.0,18.0,12.0,20.0,28.0,28/03/2017
DELHI,32.0,21.0,24.0,87.0,86.0,99.0,81.0,81.0,42.0,42.0,164.0,120.0,87.0,96.0,106.0,77.0,46.0,223.0,18.0,12.0,20.0,28.0,29/03/2017
DELHI,32.0,21.0,24.0,87.0,86.0,99.0,81.0,81.0,42.0,42.0,164.0,120.0,87.0,96.0,103.0,77.0,46.0,223.0,18.0,13.0,19.0,25.0,30/03/2017
DELHI,32.0,21.0,24.0,87.0,86.0,99.0,81.0,81.0,42.0,42.0,164.0,120.0,87.0,96.0,103.0,77.0,46.0,223.0,18.0,13.0,19.0,25.0,31/03/2017
DELHI,32.0,21.0,24.0,87.0,86.0,99.0,81.0,81.0,42.0,42.0,164.0,120.0,87.0,96.0,103.0,77.0,46.0,223.0,18.0,13.0,19.0,26.0,01/04/2017
DELHI,32.0,21.0,24.0,87.0,86.0,99.0,81.0,81.0,42.0,42.0,164.0,120.0,87.0,96.0,103.0,77.0,46.0,223.0,18.0,13.0,19.0,26.0,02/04/2017
DELHI,32.0,21.0,24.0,87.0,86.0,99.0,81.0,81.0,42.0,42.0,164.0,120.0,87.0,96.0,103.0,77.0,46.0,223.0,18.0,13.0,19.0,25.0,03/04/2017
DELHI,32.0,21.0,24.0,87.0,86.0,99.0,81.0,81.0,42.0,42.0,164.0,120.0,87.0,96.0,103.0,77.0,46.0,223.0,18.0,13.0,19.0,25.0,04/04/2017
DELHI,32.0,21.0,24.0,87.0,86.0,99.0,81.0,81.0,42.0,42.0,164.0,120.0,87.0,96.0,103.0,77.0,46.0,223.0,18.0,14.0,21.0,32.0,05/04/2017
DELHI,32.0,21.0,24.0,87.0,86.0,99.0,81.0,81.0,42.0,42.0,164.0,120.0,86.0,96.0,103.0,77.0,46.0,223.0,18.0,14.0,21.0,32.0,06/04/2017
DELHI,32.0,21.0,24.0,87.0,86.0,99.0,81.0,81.0,42.0,42.0,164.0,120.0,86.0,96.0,103.0,77.0,46.0,223.0,18.0,14.0,21.0,30.0,07/04/2017
DELHI,32.0,21.0,24.0,87.0,86.0,99.0,81.0,81.0,42.0,42.0,164.0,120.0,86.0,96.0,103.0,77.0,46.0,223.0,18.0,14.0,21.0,30.0,08/04/2017
DELHI,32.0,21.0,24.0,87.0,86.0,99.0,81.0,81.0,42.0,42.0,164.0,120.0,86.0,96.0,103.0,77.0,46.0,223.0,18.0,14.0,20.0,30.0,09/04/2017
DELHI,32.0,21.0,24.0,87.0,86.0,99.0,81.0,81.0,42.0,42.0,164.0,120.0,86.0,96.0,103.0,77.0,46.0,223.0,18.0,14.0,20.0,30.0,10/04/2017
DELHI,32.0,21.0,24.0,87.0,86.0,99.0,81.0,81.0,42.0,42.0,164.0,120.0,86.0,96.0,103.0,77.0,46.0,223.0,18.0,14.0,20.0,29.0,11/04/2017
DELHI,32.0,21.0,24.0,87.0,86.0,98.0,81.0,81.0,42.0,42.0,164.0,122.0,86.0,96.0,103.0,77.0,46.0,223.0,18.0,13.0,20.0,29.0,12/04/2017
DELHI,32.0,21.0,24.0,87.0,86.0,98.0,81.0,81.0,42.0,42.0,164.0,122.0,86.0,96.0,103.0,77.0,46.0,223.0,18.0,13.0,20.0,29.0,13/04/2017
DELHI,32.0,21.0,24.0,87.0,86.0,98.0,81.0,81.0,42.0,42.0,164.0,122.0,86.0,96.0,103.0,77.0,46.0,223.0,18.0,13.0,20.0,29.0,14/04/2017
DELHI,32.0,21.0,24.0,87.0,86.0,98.0,81.0,81.0,42.0,42.0,164.0,122.0,86.0,96.0,103.0,77.0,46.0,223.0,18.0,13.0,20.0,30.0,15/04/2017
DELHI,32.0,21.0,24.0,87.0,86.0,98.0,81.0,81.0,42.0,42.0,164.0,122.0,86.0,96.0,103.0,77.0,46.0,223.0,18.0,13.0,20.0,30.0,16/04/2017
DELHI,32.0,21.0,24.0,87.0,86.0,98.0,81.0,81.0,42.0,42.0,164.0,122.0,86.0,96.0,103.0,77.0,46.0,223.0,18.0,13.0,20.0,33.0,17/04/2017
DELHI,32.0,21.0,24.0,87.0,86.0,98.0,81.0,81.0,42.0,42.0,164.0,122.0,86.0,96.0,103.0,77.0,46.0,223.0,18.0,13.0,20.0,33.0,18/04/2017
DELHI,32.0,21.0,24.0,87.0,86.0,98.0,81.0,79.0,42.0,42.0,164.0,122.0,86.0,96.0,103.0,77.0,46.0,223.0,18.0,13.0,20.0,33.0,19/04/2017
DELHI,32.0,21.0,24.0,87.0,86.0,98.0,81.0,79.0,42.0,42.0,164.0,122.0,86.0,96.0,103.0,77.0,46.0,223.0,18.0,13.0,20.0,33.0,20/04/2017
DELHI,32.0,21.0,24.0,87.0,86.0,98.0,81.0,79.0,42.0,42.0,164.0,122.0,86.0,96.0,103.0,77.0,46.0,223.0,18.0,13.0,20.0,33.0,21/04/2017
DELHI,32.0,21.0,24.0,87.0,86.0,98.0,81.0,79.0,42.0,42.0,164.0,122.0,86.0,96.0,103.0,77.0,46.0,223.0,18.0,13.0,20.0,30.0,22/04/2017
DELHI,,,,,,,,,,,,,,,,,,,,,,,23/04/2017
DELHI,32.0,21.0,24.0,87.0,86.0,98.0,81.0,79.0,42.0,42.0,164.0,122.0,86.0,96.0,103.0,77.0,46.0,223.0,18.0,13.0,20.0,30.0,24/04/2017
DELHI,32.0,21.0,24.0,87.0,86.0,98.0,81.0,79.0,42.0,42.0,164.0,122.0,86.0,96.0,103.0,77.0,46.0,223.0,18.0,13.0,20.0,27.0,25/04/2017
DELHI,32.0,21.0,24.0,87.0,86.0,98.0,81.0,79.0,42.0,42.0,164.0,122.0,86.0,96.0,103.0,77.0,46.0,223.0,18.0,13.0,20.0,26.0,26/04/2017
DELHI,32.0,21.0,24.0,87.0,86.0,98.0,81.0,79.0,42.0,42.0,164.0,122.0,86.0,96.0,103.0,77.0,46.0,223.0,18.0,13.0,20.0,26.0,27/04/2017
DELHI,32.0,21.0,24.0,87.0,86.0,98.0,81.0,79.0,42.0,42.0,164.0,122.0,86.0,96.0,103.0,77.0,46.0,223.0,18.0,14.0,20.0,26.0,28/04/2017
DELHI,,,,,,,,,,,,,,,,,,,,,,,29/04/2017
DELHI,32.0,21.0,24.0,87.0,86.0,98.0,81.0,79.0,42.0,42.0,164.0,122.0,86.0,96.0,103.0,77.0,46.0,223.0,18.0,14.0,20.0,26.0,30/04/2017
DELHI,32.0,21.0,24.0,87.0,86.0,98.0,81.0,79.0,42.0,42.0,164.0,122.0,86.0,96.0,103.0,77.0,46.0,223.0,18.0,14.0,20.0,26.0,01/05/2017
DELHI,32.0,21.0,24.0,87.0,84.0,98.0,81.0,79.0,42.0,42.0,164.0,120.0,86.0,96.0,106.0,77.0,49.0,223.0,18.0,14.0,21.0,26.0,02/05/2017
DELHI,32.0,21.0,24.0,87.0,84.0,98.0,81.0,79.0,42.0,42.0,164.0,120.0,86.0,96.0,106.0,77.0,49.0,223.0,18.0,14.0,21.0,26.0,03/05/2017
DELHI,32.0,21.0,24.0,87.0,84.0,98.0,81.0,79.0,42.0,42.0,164.0,120.0,86.0,96.0,106.0,77.0,49.0,223.0,18.0,14.0,21.0,22.0,04/05/2017
DELHI,32.0,21.0,24.0,87.0,84.0,98.0,81.0,79.0,42.0,42.0,164.0,120.0,86.0,96.0,106.0,77.0,49.0,223.0,18.0,14.0,21.0,22.0,05/05/2017
DELHI,32.0,21.0,24.0,87.0,84.0,98.0,81.0,79.0,42.0,42.0,164.0,120.0,86.0,96.0,106.0,77.0,49.0,223.0,18.0,14.0,21.0,22.0,06/05/2017
DELHI,32.0,21.0,24.0,87.0,84.0,98.0,81.0,79.0,42.0,42.0,164.0,120.0,86.0,96.0,106.0,77.0,49.0,223.0,18.0,14.0,21.0,22.0,07/05/2017
DELHI,32.0,21.0,24.0,87.0,84.0,98.0,81.0,79.0,42.0,42.0,164.0,120.0,86.0,96.0,106.0,77.0,49.0,223.0,18.0,14.0,21.0,22.0,08/05/2017
DELHI,32.0,21.0,24.0,87.0,84.0,96.0,81.0,79.0,42.0,42.0,164.0,121.0,86.0,96.0,106.0,77.0,49.0,223.0,18.0,15.0,21.0,22.0,09/05/2017
DELHI,32.0,21.0,24.0,87.0,84.0,96.0,81.0,79.0,42.0,42.0,164.0,121.0,86.0,96.0,106.0,77.0,49.0,223.0,18.0,15.0,21.0,22.0,10/05/2017
DELHI,32.0,21.0,24.0,87.0,84.0,96.0,81.0,79.0,42.0,42.0,164.0,121.0,86.0,96.0,106.0,77.0,49.0,223.0,18.0,15.0,21.0,22.0,11/05/2017
DELHI,32.0,21.0,24.0,87.0,86.0,97.0,81.0,79.0,42.0,42.0,165.0,121.0,87.0,96.0,106.0,77.0,49.0,223.0,18.0,15.0,21.0,22.0,12/05/2017
DELHI,32.0,21.0,24.0,87.0,86.0,97.0,81.0,79.0,42.0,42.0,165.0,121.0,87.0,96.0,106.0,77.0,49.0,223.0,18.0,15.0,21.0,22.0,13/05/2017
DELHI,32.0,21.0,24.0,87.0,86.0,97.0,81.0,79.0,42.0,42.0,165.0,121.0,87.0,96.0,106.0,77.0,49.0,223.0,18.0,15.0,21.0,22.0,14/05/2017
DELHI,32.0,21.0,24.0,87.0,86.0,97.0,81.0,79.0,42.0,42.0,165.0,121.0,87.0,96.0,106.0,77.0,49.0,223.0,18.0,15.0,21.0,22.0,15/05/2017
DELHI,32.0,21.0,24.0,87.0,86.0,97.0,81.0,79.0,42.0,42.0,165.0,121.0,87.0,96.0,106.0,77.0,49.0,228.0,18.0,15.0,21.0,22.0,16/05/2017
DELHI,32.0,21.0,24.0,87.0,86.0,97.0,81.0,79.0,42.0,42.0,165.0,121.0,87.0,96.0,106.0,77.0,49.0,228.0,18.0,15.0,21.0,22.0,17/05/2017
DELHI,32.0,21.0,24.0,87.0,86.0,97.0,81.0,79.0,42.0,42.0,165.0,121.0,87.0,96.0,106.0,77.0,49.0,228.0,18.0,15.0,21.0,22.0,18/05/2017
DELHI,32.0,21.0,24.0,87.0,86.0,97.0,81.0,79.0,42.0,42.0,165.0,121.0,87.0,96.0,106.0,77.0,49.0,228.0,18.0,15.0,21.0,22.0,19/05/2017
DELHI,32.0,21.0,24.0,87.0,86.0,97.0,81.0,79.0,42.0,42.0,165.0,121.0,87.0,96.0,106.0,77.0,49.0,228.0,18.0,15.0,21.0,22.0,20/05/2017
DELHI,,,,,,,,,,,,,,,,,,,,,,,21/05/2017
DELHI,32.0,21.0,24.0,87.0,86.0,97.0,81.0,79.0,42.0,42.0,165.0,121.0,87.0,96.0,106.0,77.0,49.0,228.0,18.0,15.0,21.0,22.0,22/05/2017
DELHI,32.0,20.0,24.0,88.0,84.0,96.0,80.0,76.0,42.0,42.0,163.0,119.0,87.0,96.0,106.0,77.0,50.0,228.0,18.0,14.0,21.0,22.0,23/05/2017
DELHI,32.0,20.0,24.0,88.0,84.0,96.0,80.0,76.0,42.0,42.0,163.0,119.0,87.0,96.0,106.0,77.0,50.0,228.0,18.0,14.0,21.0,22.0,24/05/2017
DELHI,32.0,20.0,23.0,88.0,84.0,96.0,80.0,76.0,42.0,42.0,162.0,119.0,87.0,96.0,106.0,77.0,50.0,228.0,18.0,15.0,21.0,22.0,25/05/2017
DELHI,32.0,20.0,23.0,88.0,84.0,96.0,80.0,76.0,42.0,42.0,162.0,119.0,87.0,96.0,106.0,77.0,50.0,228.0,18.0,15.0,21.0,22.0,26/05/2017
DELHI,32.0,20.0,23.0,88.0,84.0,96.0,80.0,76.0,42.0,42.0,162.0,119.0,87.0,96.0,106.0,77.0,50.0,228.0,18.0,15.0,21.0,22.0,27/05/2017
DELHI,,,,,,,,,,,,,,,,,,,,,,,28/05/2017
DELHI,32.0,20.0,23.0,88.0,84.0,96.0,80.0,76.0,42.0,42.0,162.0,119.0,87.0,95.0,106.0,77.0,50.0,228.0,18.0,16.0,21.0,22.0,29/05/2017
DELHI,32.0,20.0,23.0,85.0,82.0,97.0,80.0,76.0,42.0,42.0,162.0,119.0,87.0,95.0,106.0,77.0,50.0,228.0,18.0,16.0,21.0,22.0,30/05/2017
DELHI,32.0,20.0,23.0,85.0,82.0,97.0,80.0,76.0,42.0,42.0,162.0,119.0,87.0,95.0,106.0,77.0,50.0,228.0,18.0,16.0,21.0,24.0,31/05/2017
DELHI,32.0,20.0,23.0,85.0,82.0,97.0,80.0,76.0,42.0,42.0,162.0,119.0,87.0,92.0,106.0,77.0,50.0,228.0,18.0,16.0,20.0,26.0,01/06/2017
DELHI,32.0,20.0,23.0,85.0,82.0,96.0,80.0,76.0,42.0,42.0,162.0,119.0,87.0,92.0,106.0,77.0,50.0,228.0,18.0,16.0,20.0,26.0,02/06/2017
DELHI,32.0,20.0,23.0,85.0,82.0,96.0,80.0,76.0,42.0,42.0,162.0,119.0,87.0,92.0,106.0,77.0,50.0,228.0,18.0,16.0,20.0,26.0,03/06/2017
DELHI,32.0,20.0,23.0,85.0,82.0,96.0,80.0,76.0,42.0,42.0,162.0,119.0,87.0,92.0,106.0,77.0,50.0,228.0,18.0,16.0,20.0,26.0,04/06/2017
DELHI,32.0,20.0,23.0,85.0,82.0,96.0,80.0,76.0,42.0,42.0,162.0,119.0,87.0,92.0,106.0,77.0,50.0,228.0,18.0,16.0,20.0,28.0,05/06/2017
DELHI,32.0,20.0,23.0,85.0,82.0,96.0,80.0,76.0,42.0,42.0,162.0,119.0,87.0,92.0,106.0,77.0,50.0,228.0,18.0,16.0,20.0,32.0,06/06/2017
DELHI,32.0,20.0,23.0,85.0,82.0,96.0,80.0,76.0,42.0,42.0,162.0,119.0,87.0,92.0,106.0,77.0,50.0,228.0,18.0,16.0,21.0,32.0,07/06/2017
DELHI,32.0,20.0,23.0,85.0,82.0,96.0,80.0,76.0,42.0,42.0,162.0,119.0,87.0,92.0,106.0,77.0,50.0,228.0,18.0,16.0,21.0,33.0,08/06/2017
DELHI,32.0,20.0,23.0,85.0,82.0,96.0,80.0,76.0,42.0,42.0,162.0,119.0,87.0,92.0,106.0,77.0,50.0,228.0,18.0,16.0,21.0,32.0,09/06/2017
DELHI,32.0,20.0,23.0,85.0,82.0,96.0,80.0,76.0,42.0,42.0,162.0,119.0,87.0,92.0,106.0,77.0,50.0,228.0,18.0,16.0,21.0,32.0,10/06/2017
DELHI,32.0,20.0,23.0,85.0,82.0,96.0,80.0,76.0,42.0,42.0,162.0,119.0,87.0,92.0,106.0,77.0,50.0,228.0,18.0,16.0,21.0,30.0,11/06/2017
DELHI,32.0,20.0,23.0,85.0,80.0,96.0,80.0,76.0,42.0,42.0,162.0,119.0,87.0,92.0,103.0,77.0,50.0,228.0,17.0,17.0,19.0,29.0,12/06/2017
DELHI,32.0,20.0,23.0,85.0,80.0,96.0,80.0,76.0,42.0,42.0,162.0,119.0,87.0,92.0,103.0,77.0,50.0,228.0,17.0,17.0,19.0,29.0,13/06/2017
DELHI,32.0,20.0,23.0,85.0,80.0,96.0,80.0,76.0,42.0,42.0,162.0,120.0,87.0,92.0,103.0,77.0,50.0,228.0,17.0,17.0,20.0,29.0,14/06/2017
DELHI,32.0,20.0,23.0,85.0,80.0,96.0,80.0,76.0,42.0,42.0,162.0,120.0,87.0,92.0,103.0,77.0,50.0,228.0,17.0,17.0,21.0,29.0,15/06/2017
DELHI,32.0,20.0,23.0,85.0,80.0,96.0,80.0,76.0,42.0,42.0,162.0,120.0,87.0,92.0,103.0,77.0,50.0,228.0,17.0,17.0,21.0,29.0,16/06/2017
DELHI,32.0,20.0,23.0,85.0,80.0,96.0,80.0,76.0,42.0,42.0,162.0,120.0,87.0,92.0,103.0,77.0,50.0,228.0,17.0,17.0,21.0,29.0,17/06/2017
DELHI,32.0,20.0,23.0,85.0,80.0,96.0,80.0,76.0,42.0,42.0,162.0,120.0,87.0,92.0,103.0,77.0,50.0,228.0,17.0,17.0,21.0,29.0,18/06/2017
DELHI,32.0,20.0,23.0,85.0,82.0,97.0,82.0,79.0,42.0,42.0,162.0,120.0,87.0,92.0,103.0,77.0,50.0,228.0,17.0,19.0,21.0,33.0,19/06/2017
DELHI,32.0,20.0,23.0,85.0,82.0,97.0,82.0,79.0,42.0,42.0,164.0,120.0,87.0,92.0,103.0,76.0,50.0,228.0,17.0,19.0,21.0,33.0,20/06/2017
DELHI,32.0,20.0,23.0,85.0,82.0,97.0,82.0,79.0,42.0,42.0,164.0,120.0,87.0,92.0,103.0,76.0,50.0,228.0,17.0,19.0,21.0,37.0,21/06/2017
DELHI,32.0,20.0,23.0,85.0,82.0,97.0,82.0,79.0,42.0,42.0,164.0,120.0,87.0,92.0,103.0,75.0,50.0,228.0,17.0,19.0,21.0,37.0,22/06/2017
DELHI,32.0,20.0,23.0,85.0,81.0,97.0,82.0,79.0,42.0,42.0,164.0,120.0,87.0,92.0,103.0,75.0,50.0,228.0,17.0,21.0,21.0,37.0,23/06/2017
DELHI,32.0,20.0,23.0,85.0,81.0,97.0,82.0,79.0,42.0,42.0,164.0,120.0,87.0,92.0,103.0,75.0,50.0,228.0,17.0,21.0,21.0,37.0,24/06/2017
DELHI,32.0,20.0,23.0,85.0,81.0,97.0,82.0,79.0,42.0,42.0,164.0,120.0,87.0,92.0,103.0,75.0,50.0,228.0,17.0,21.0,21.0,37.0,25/06/2017
DELHI,32.0,20.0,23.0,85.0,81.0,97.0,82.0,79.0,42.0,42.0,164.0,120.0,87.0,92.0,103.0,75.0,50.0,228.0,17.0,21.0,21.0,42.0,26/06/2017
DELHI,32.0,20.0,23.0,85.0,81.0,97.0,82.0,79.0,42.0,42.0,164.0,120.0,87.0,92.0,103.0,75.0,50.0,228.0,17.0,21.0,21.0,53.0,27/06/2017
DELHI,32.0,20.0,23.0,85.0,81.0,97.0,82.0,79.0,42.0,42.0,164.0,120.0,87.0,92.0,103.0,75.0,50.0,228.0,17.0,21.0,21.0,58.0,28/06/2017
DELHI,32.0,20.0,23.0,85.0,81.0,97.0,82.0,79.0,42.0,42.0,164.0,120.0,87.0,92.0,103.0,75.0,50.0,228.0,17.0,21.0,21.0,63.0,29/06/2017
DELHI,32.0,20.0,23.0,85.0,81.0,97.0,82.0,79.0,42.0,42.0,164.0,120.0,87.0,92.0,103.0,75.0,50.0,228.0,17.0,21.0,21.0,68.0,30/06/2017
DELHI,32.0,20.0,23.0,85.0,81.0,97.0,82.0,79.0,42.0,42.0,164.0,120.0,87.0,92.0,103.0,75.0,50.0,228.0,17.0,21.0,21.0,68.0,01/07/2017
DELHI,32.0,20.0,23.0,85.0,81.0,97.0,82.0,79.0,42.0,42.0,164.0,120.0,87.0,92.0,103.0,75.0,50.0,228.0,17.0,21.0,21.0,68.0,02/07/2017
DELHI,32.0,20.0,23.0,85.0,80.0,97.0,82.0,79.0,42.0,42.0,164.0,120.0,87.0,92.0,103.0,75.0,50.0,232.0,17.0,19.0,21.0,68.0,03/07/2017
DELHI,32.0,20.0,23.0,85.0,80.0,97.0,82.0,77.0,42.0,42.0,164.0,120.0,87.0,92.0,103.0,75.0,50.0,232.0,17.0,19.0,21.0,72.0,04/07/2017
DELHI,32.0,20.0,23.0,86.0,80.0,97.0,82.0,77.0,42.0,42.0,165.0,121.0,87.0,92.0,103.0,77.0,50.0,232.0,17.0,19.0,21.0,72.0,05/07/2017
DELHI,32.0,20.0,23.0,86.0,82.0,97.0,82.0,77.0,43.0,42.0,165.0,121.0,87.0,92.0,103.0,77.0,50.0,232.0,17.0,19.0,21.0,72.0,06/07/2017
DELHI,32.0,20.0,23.0,86.0,82.0,97.0,82.0,77.0,43.0,42.0,165.0,121.0,87.0,92.0,103.0,77.0,50.0,232.0,17.0,19.0,21.0,72.0,07/07/2017
DELHI,32.0,20.0,23.0,86.0,82.0,97.0,82.0,77.0,43.0,42.0,165.0,121.0,87.0,92.0,103.0,77.0,50.0,232.0,17.0,19.0,21.0,72.0,08/07/2017
DELHI,32.0,20.0,23.0,86.0,82.0,97.0,82.0,77.0,43.0,42.0,165.0,121.0,87.0,92.0,103.0,77.0,50.0,232.0,17.0,19.0,21.0,72.0,09/07/2017
DELHI,32.0,20.0,23.0,86.0,82.0,97.0,81.0,77.0,43.0,42.0,165.0,121.0,87.0,92.0,105.0,77.0,50.0,232.0,17.0,19.0,21.0,70.0,10/07/2017
DELHI,32.0,20.0,23.0,86.0,82.0,97.0,81.0,77.0,43.0,42.0,165.0,121.0,87.0,94.0,105.0,77.0,50.0,232.0,17.0,19.0,21.0,64.0,11/07/2017
DELHI,32.0,20.0,23.0,84.0,82.0,97.0,81.0,77.0,43.0,42.0,165.0,121.0,87.0,94.0,105.0,77.0,50.0,232.0,17.0,19.0,21.0,64.0,12/07/2017
DELHI,32.0,20.0,23.0,84.0,81.0,97.0,79.0,77.0,43.0,42.0,165.0,122.0,87.0,94.0,105.0,77.0,50.0,232.0,17.0,19.0,21.0,64.0,13/07/2017
DELHI,32.0,20.0,23.0,84.0,81.0,97.0,79.0,77.0,43.0,42.0,165.0,122.0,87.0,94.0,105.0,77.0,50.0,232.0,17.0,19.0,21.0,64.0,14/07/2017
DELHI,32.0,20.0,23.0,84.0,81.0,97.0,79.0,77.0,43.0,42.0,165.0,122.0,87.0,94.0,105.0,77.0,50.0,232.0,17.0,19.0,21.0,64.0,15/07/2017
DELHI,32.0,20.0,23.0,84.0,81.0,97.0,79.0,77.0,43.0,42.0,165.0,122.0,87.0,94.0,105.0,77.0,50.0,232.0,17.0,19.0,21.0,64.0,16/07/2017
DELHI,32.0,20.0,23.0,84.0,81.0,94.0,81.0,77.0,43.0,42.0,165.0,121.0,87.0,94.0,105.0,77.0,50.0,232.0,17.0,19.0,21.0,68.0,17/07/2017
DELHI,32.0,20.0,23.0,84.0,81.0,94.0,81.0,74.0,43.0,42.0,165.0,121.0,87.0,94.0,105.0,77.0,50.0,232.0,17.0,21.0,21.0,73.0,18/07/2017
DELHI,32.0,20.0,23.0,84.0,81.0,94.0,81.0,74.0,43.0,42.0,165.0,121.0,87.0,94.0,105.0,77.0,50.0,232.0,17.0,21.0,21.0,73.0,19/07/2017
DELHI,32.0,20.0,23.0,84.0,81.0,94.0,81.0,74.0,43.0,42.0,165.0,121.0,87.0,94.0,105.0,77.0,50.0,232.0,17.0,21.0,21.0,78.0,20/07/2017
DELHI,32.0,20.0,23.0,84.0,81.0,94.0,81.0,74.0,43.0,42.0,165.0,121.0,87.0,94.0,105.0,77.0,50.0,232.0,17.0,21.0,21.0,78.0,21/07/2017
DELHI,32.0,20.0,23.0,84.0,81.0,94.0,81.0,74.0,43.0,42.0,165.0,121.0,87.0,94.0,105.0,77.0,50.0,232.0,17.0,21.0,21.0,78.0,22/07/2017
DELHI,32.0,20.0,23.0,84.0,81.0,94.0,81.0,74.0,43.0,42.0,165.0,121.0,87.0,94.0,105.0,77.0,50.0,232.0,17.0,21.0,21.0,80.0,23/07/2017
DELHI,32.0,20.0,23.0,84.0,81.0,94.0,81.0,74.0,43.0,42.0,165.0,121.0,87.0,94.0,105.0,77.0,50.0,232.0,17.0,21.0,21.0,83.0,24/07/2017
DELHI,32.0,20.0,23.0,84.0,81.0,94.0,81.0,74.0,43.0,42.0,165.0,121.0,87.0,94.0,105.0,77.0,50.0,232.0,17.0,21.0,21.0,92.0,25/07/2017
DELHI,32.0,20.0,23.0,84.0,81.0,94.0,81.0,74.0,43.0,42.0,165.0,121.0,87.0,94.0,105.0,77.0,50.0,232.0,17.0,21.0,21.0,92.0,26/07/2017
DELHI,32.0,20.0,23.0,84.0,81.0,94.0,81.0,74.0,43.0,42.0,165.0,121.0,87.0,94.0,105.0,77.0,50.0,232.0,17.0,21.0,21.0,92.0,27/07/2017
DELHI,32.0,20.0,23.0,84.0,81.0,94.0,81.0,74.0,43.0,42.0,165.0,120.0,87.0,94.0,105.0,77.0,50.0,232.0,17.0,21.0,22.0,92.0,28/07/2017
DELHI,32.0,20.0,23.0,84.0,81.0,94.0,81.0,74.0,43.0,42.0,165.0,120.0,87.0,94.0,105.0,77.0,50.0,232.0,17.0,21.0,22.0,92.0,29/07/2017
DELHI,32.0,20.0,23.0,84.0,81.0,94.0,81.0,74.0,43.0,42.0,165.0,120.0,87.0,94.0,105.0,77.0,50.0,232.0,17.0,21.0,24.0,92.0,30/07/2017
DELHI,32.0,20.0,23.0,84.0,81.0,94.0,81.0,74.0,43.0,42.0,165.0,120.0,87.0,94.0,105.0,77.0,50.0,232.0,17.0,21.0,27.0,92.0,31/07/2017
DELHI,32.0,20.0,23.0,84.0,81.0,94.0,81.0,74.0,43.0,42.0,165.0,120.0,87.0,94.0,105.0,77.0,50.0,232.0,17.0,20.0,27.0,92.0,01/08/2017
DELHI,32.0,20.0,23.0,84.0,81.0,94.0,81.0,74.0,43.0,42.0,165.0,120.0,87.0,94.0,105.0,77.0,52.0,232.0,17.0,20.0,27.0,87.0,02/08/2017
DELHI,32.0,20.0,23.0,84.0,81.0,94.0,84.0,74.0,44.0,42.0,165.0,120.0,87.0,96.0,107.0,77.0,52.0,232.0,17.0,20.0,28.0,78.0,03/08/2017
DELHI,32.0,20.0,23.0,84.0,81.0,94.0,84.0,74.0,44.0,42.0,165.0,120.0,87.0,96.0,107.0,77.0,52.0,232.0,17.0,20.0,29.0,78.0,04/08/2017
DELHI,32.0,20.0,23.0,84.0,81.0,94.0,84.0,74.0,44.0,42.0,165.0,120.0,87.0,96.0,107.0,77.0,52.0,232.0,17.0,20.0,32.0,77.0,05/08/2017
DELHI,32.0,20.0,23.0,84.0,81.0,94.0,84.0,74.0,44.0,42.0,165.0,120.0,87.0,96.0,107.0,77.0,52.0,232.0,17.0,20.0,35.0,77.0,06/08/2017
DELHI,32.0,20.0,23.0,84.0,81.0,94.0,84.0,74.0,44.0,42.0,165.0,120.0,87.0,96.0,107.0,77.0,52.0,232.0,17.0,20.0,35.0,77.0,07/08/2017
DELHI,32.0,20.0,23.0,84.0,83.0,94.0,84.0,74.0,44.0,42.0,165.0,120.0,87.0,96.0,107.0,77.0,52.0,232.0,17.0,20.0,35.0,77.0,08/08/2017
DELHI,32.0,20.0,23.0,84.0,83.0,94.0,84.0,74.0,44.0,42.0,165.0,120.0,87.0,96.0,107.0,77.0,52.0,232.0,17.0,20.0,35.0,73.0,09/08/2017
DELHI,32.0,20.0,23.0,84.0,83.0,94.0,84.0,74.0,44.0,42.0,165.0,120.0,87.0,96.0,107.0,77.0,52.0,232.0,17.0,21.0,36.0,72.0,10/08/2017
DELHI,32.0,20.0,23.0,84.0,83.0,94.0,86.0,74.0,44.0,42.0,165.0,120.0,87.0,96.0,107.0,77.0,52.0,232.0,17.0,21.0,36.0,71.0,11/08/2017
DELHI,32.0,20.0,23.0,84.0,83.0,94.0,86.0,74.0,44.0,42.0,165.0,120.0,87.0,96.0,107.0,77.0,52.0,232.0,17.0,21.0,36.0,71.0,12/08/2017
DELHI,32.0,20.0,23.0,84.0,83.0,94.0,86.0,74.0,44.0,42.0,165.0,120.0,87.0,96.0,107.0,77.0,52.0,232.0,17.0,21.0,38.0,71.0,13/08/2017
DELHI,32.0,20.0,23.0,84.0,84.0,94.0,86.0,74.0,44.0,42.0,165.0,120.0,87.0,96.0,107.0,77.0,52.0,232.0,17.0,20.0,39.0,67.0,14/08/2017
DELHI,,,,,,,,,,,,,,,,,,,,,,,15/08/2017
DELHI,32.0,20.0,23.0,84.0,84.0,94.0,83.0,74.0,44.0,42.0,165.0,120.0,87.0,105.0,107.0,76.0,52.0,232.0,17.0,20.0,37.0,67.0,16/08/2017
DELHI,32.0,20.0,23.0,84.0,84.0,94.0,83.0,74.0,44.0,42.0,165.0,120.0,87.0,105.0,107.0,76.0,52.0,232.0,17.0,20.0,37.0,67.0,17/08/2017
DELHI,32.0,20.0,23.0,84.0,84.0,94.0,83.0,74.0,44.0,42.0,165.0,120.0,87.0,105.0,107.0,76.0,52.0,232.0,17.0,20.0,37.0,67.0,18/08/2017
DELHI,32.0,20.0,23.0,84.0,84.0,94.0,83.0,74.0,44.0,42.0,165.0,120.0,87.0,105.0,107.0,76.0,52.0,232.0,17.0,20.0,37.0,67.0,19/08/2017
DELHI,32.0,20.0,23.0,84.0,84.0,94.0,83.0,74.0,44.0,42.0,165.0,120.0,87.0,105.0,107.0,76.0,52.0,232.0,17.0,20.0,37.0,67.0,20/08/2017
DELHI,32.0,20.0,23.0,84.0,84.0,94.0,83.0,74.0,44.0,42.0,165.0,120.0,87.0,105.0,107.0,76.0,52.0,232.0,17.0,20.0,37.0,67.0,21/08/2017
DELHI,32.0,20.0,23.0,86.0,87.0,96.0,86.0,77.0,44.0,42.0,165.0,121.0,88.0,96.0,107.0,77.0,53.0,232.0,17.0,21.0,38.0,63.0,22/08/2017
DELHI,32.0,20.0,23.0,86.0,87.0,96.0,86.0,77.0,44.0,42.0,165.0,121.0,88.0,96.0,107.0,77.0,53.0,232.0,17.0,20.0,38.0,63.0,23/08/2017
DELHI,32.0,20.0,23.0,86.0,87.0,96.0,86.0,77.0,44.0,42.0,165.0,120.0,88.0,96.0,107.0,77.0,53.0,232.0,17.0,20.0,38.0,63.0,24/08/2017
DELHI,32.0,20.0,23.0,86.0,87.0,97.0,86.0,77.0,44.0,42.0,165.0,120.0,88.0,96.0,107.0,77.0,53.0,232.0,17.0,20.0,38.0,68.0,25/08/2017
DELHI,32.0,20.0,23.0,86.0,87.0,97.0,86.0,77.0,44.0,42.0,165.0,120.0,88.0,96.0,107.0,77.0,53.0,232.0,17.0,20.0,38.0,68.0,26/08/2017
DELHI,32.0,20.0,23.0,86.0,87.0,97.0,86.0,77.0,44.0,42.0,165.0,120.0,88.0,96.0,107.0,77.0,53.0,232.0,17.0,20.0,38.0,68.0,27/08/2017
DELHI,32.0,20.0,23.0,86.0,87.0,97.0,86.0,77.0,44.0,42.0,165.0,120.0,88.0,96.0,107.0,77.0,53.0,232.0,17.0,20.0,38.0,68.0,28/08/2017
DELHI,32.0,20.0,23.0,89.0,87.0,97.0,86.0,77.0,44.0,42.0,165.0,120.0,88.0,96.0,107.0,77.0,53.0,232.0,17.0,20.0,38.0,62.0,29/08/2017
DELHI,32.0,20.0,23.0,89.0,87.0,97.0,86.0,77.0,44.0,42.0,165.0,120.0,88.0,96.0,107.0,77.0,53.0,232.0,17.0,20.0,38.0,62.0,30/08/2017
DELHI,32.0,20.0,23.0,89.0,88.0,97.0,86.0,77.0,44.0,42.0,165.0,120.0,88.0,97.0,107.0,76.0,53.0,232.0,17.0,19.0,38.0,62.0,31/08/2017
DELHI,32.0,20.0,23.0,89.0,88.0,97.0,86.0,77.0,44.0,42.0,165.0,120.0,88.0,97.0,107.0,76.0,53.0,232.0,17.0,21.0,38.0,62.0,01/09/2017
DELHI,32.0,20.0,23.0,89.0,88.0,97.0,86.0,77.0,44.0,42.0,165.0,120.0,88.0,97.0,107.0,76.0,53.0,232.0,17.0,21.0,38.0,62.0,02/09/2017
DELHI,32.0,20.0,23.0,89.0,88.0,97.0,86.0,77.0,44.0,42.0,165.0,120.0,88.0,97.0,107.0,76.0,53.0,232.0,17.0,21.0,38.0,62.0,03/09/2017
DELHI,32.0,20.0,23.0,89.0,88.0,97.0,86.0,77.0,44.0,42.0,165.0,120.0,88.0,97.0,107.0,76.0,53.0,232.0,17.0,21.0,36.0,61.0,04/09/2017
DELHI,32.0,20.0,23.0,89.0,88.0,97.0,86.0,77.0,44.0,42.0,165.0,120.0,88.0,97.0,107.0,76.0,53.0,232.0,17.0,21.0,36.0,57.0,05/09/2017
DELHI,32.0,20.0,23.0,89.0,88.0,97.0,86.0,77.0,43.0,42.0,165.0,120.0,88.0,97.0,107.0,76.0,54.0,232.0,17.0,21.0,36.0,52.0,06/09/2017
DELHI,32.0,20.0,23.0,89.0,88.0,97.0,86.0,77.0,43.0,42.0,165.0,120.0,88.0,97.0,107.0,76.0,54.0,228.0,17.0,21.0,36.0,52.0,07/09/2017
DELHI,32.0,20.0,23.0,89.0,87.0,97.0,86.0,78.0,43.0,42.0,164.0,120.0,88.0,95.0,107.0,75.0,54.0,228.0,17.0,21.0,36.0,49.0,08/09/2017
DELHI,32.0,20.0,23.0,89.0,87.0,97.0,86.0,78.0,43.0,42.0,164.0,120.0,88.0,95.0,107.0,75.0,54.0,228.0,17.0,21.0,36.0,49.0,09/09/2017
DELHI,32.0,20.0,23.0,89.0,87.0,97.0,86.0,78.0,43.0,42.0,164.0,120.0,88.0,95.0,107.0,75.0,54.0,228.0,17.0,21.0,36.0,47.0,10/09/2017
DELHI,32.0,20.0,23.0,89.0,87.0,97.0,86.0,78.0,43.0,42.0,164.0,120.0,88.0,95.0,107.0,76.0,54.0,228.0,17.0,21.0,36.0,47.0,11/09/2017
DELHI,32.0,20.0,23.0,89.0,87.0,97.0,86.0,78.0,43.0,42.0,164.0,120.0,88.0,95.0,107.0,76.0,54.0,228.0,17.0,21.0,36.0,44.0,12/09/2017
DELHI,32.0,20.0,23.0,89.0,87.0,97.0,86.0,78.0,43.0,42.0,164.0,120.0,88.0,95.0,107.0,76.0,54.0,228.0,17.0,21.0,35.0,44.0,13/09/2017
DELHI,32.0,20.0,23.0,89.0,87.0,97.0,86.0,78.0,43.0,42.0,164.0,120.0,88.0,95.0,107.0,76.0,54.0,228.0,17.0,21.0,35.0,43.0,14/09/2017
DELHI,32.0,20.0,23.0,89.0,87.0,97.0,86.0,78.0,43.0,42.0,164.0,121.0,88.0,95.0,107.0,77.0,54.0,228.0,17.0,21.0,34.0,40.0,15/09/2017
DELHI,32.0,20.0,23.0,89.0,87.0,97.0,86.0,78.0,43.0,42.0,164.0,121.0,88.0,95.0,107.0,77.0,54.0,228.0,17.0,21.0,34.0,41.0,16/09/2017
DELHI,32.0,20.0,23.0,89.0,87.0,97.0,86.0,78.0,43.0,42.0,164.0,121.0,88.0,95.0,107.0,77.0,54.0,228.0,17.0,21.0,34.0,41.0,17/09/2017
DELHI,32.0,20.0,23.0,89.0,87.0,97.0,86.0,78.0,43.0,42.0,164.0,121.0,88.0,96.0,108.0,77.0,54.0,228.0,17.0,21.0,32.0,41.0,18/09/2017
DELHI,32.0,20.0,23.0,89.0,87.0,97.0,86.0,78.0,43.0,42.0,164.0,121.0,88.0,96.0,108.0,77.0,54.0,228.0,17.0,21.0,32.0,41.0,19/09/2017
DELHI,32.0,20.0,23.0,89.0,87.0,97.0,86.0,79.0,43.0,42.0,164.0,121.0,88.0,96.0,108.0,77.0,54.0,228.0,17.0,23.0,32.0,41.0,20/09/2017
DELHI,32.0,20.0,23.0,89.0,87.0,97.0,86.0,79.0,43.0,42.0,164.0,121.0,88.0,96.0,108.0,77.0,54.0,228.0,17.0,23.0,32.0,41.0,21/09/2017
DELHI,32.0,20.0,23.0,89.0,87.0,97.0,86.0,79.0,43.0,42.0,164.0,121.0,88.0,96.0,108.0,77.0,54.0,228.0,17.0,23.0,32.0,41.0,22/09/2017
DELHI,32.0,20.0,23.0,89.0,87.0,97.0,86.0,79.0,43.0,42.0,164.0,121.0,88.0,96.0,108.0,77.0,54.0,228.0,17.0,23.0,32.0,41.0,23/09/2017
DELHI,32.0,20.0,23.0,89.0,87.0,97.0,86.0,79.0,43.0,42.0,164.0,121.0,88.0,96.0,108.0,77.0,54.0,228.0,17.0,23.0,32.0,41.0,24/09/2017
DELHI,32.0,20.0,23.0,89.0,87.0,97.0,86.0,79.0,43.0,42.0,164.0,121.0,88.0,96.0,108.0,77.0,54.0,228.0,17.0,23.0,31.0,38.0,25/09/2017
DELHI,32.0,20.0,23.0,89.0,87.0,97.0,86.0,79.0,43.0,42.0,164.0,121.0,88.0,96.0,108.0,77.0,54.0,228.0,17.0,23.0,31.0,39.0,26/09/2017
DELHI,32.0,20.0,23.0,89.0,87.0,97.0,86.0,79.0,43.0,42.0,164.0,121.0,88.0,96.0,108.0,77.0,54.0,228.0,17.0,23.0,31.0,39.0,27/09/2017
DELHI,32.0,20.0,23.0,89.0,87.0,97.0,86.0,79.0,43.0,42.0,164.0,121.0,88.0,96.0,108.0,77.0,54.0,228.0,17.0,23.0,31.0,39.0,28/09/2017
DELHI,32.0,20.0,23.0,89.0,86.0,96.0,83.0,79.0,43.0,42.0,164.0,121.0,88.0,96.0,108.0,77.0,54.0,228.0,17.0,23.0,31.0,39.0,29/09/2017
DELHI,32.0,20.0,23.0,89.0,86.0,96.0,83.0,79.0,43.0,42.0,164.0,121.0,88.0,96.0,108.0,77.0,54.0,228.0,17.0,23.0,31.0,39.0,30/09/2017
DELHI,32.0,20.0,23.0,89.0,86.0,96.0,83.0,79.0,43.0,42.0,164.0,121.0,88.0,96.0,108.0,77.0,54.0,228.0,17.0,23.0,31.0,39.0,01/10/2017
DELHI,,,,,,,,,,,,,,,,,,,,,,,02/10/2017
DELHI,32.0,20.0,23.0,89.0,86.0,96.0,83.0,79.0,43.0,42.0,164.0,121.0,88.0,96.0,108.0,77.0,56.0,228.0,17.0,23.0,33.0,39.0,03/10/2017
DELHI,32.0,20.0,23.0,89.0,86.0,96.0,83.0,79.0,43.0,42.0,164.0,121.0,88.0,96.0,108.0,77.0,56.0,228.0,17.0,23.0,34.0,39.0,04/10/2017
DELHI,32.0,20.0,23.0,89.0,86.0,96.0,83.0,79.0,43.0,42.0,164.0,121.0,88.0,96.0,108.0,77.0,56.0,228.0,17.0,23.0,34.0,39.0,05/10/2017
DELHI,32.0,20.0,23.0,89.0,86.0,96.0,83.0,79.0,43.0,42.0,164.0,120.0,88.0,96.0,108.0,77.0,56.0,228.0,17.0,23.0,34.0,39.0,06/10/2017
DELHI,32.0,20.0,23.0,89.0,86.0,96.0,83.0,79.0,43.0,42.0,164.0,120.0,88.0,96.0,108.0,77.0,56.0,228.0,17.0,23.0,35.0,45.0,07/10/2017
DELHI,32.0,20.0,23.0,89.0,86.0,96.0,83.0,79.0,43.0,42.0,164.0,120.0,88.0,96.0,108.0,77.0,56.0,228.0,17.0,23.0,37.0,45.0,08/10/2017
DELHI,32.0,20.0,23.0,87.0,86.0,94.0,83.0,78.0,43.0,42.0,164.0,120.0,88.0,96.0,108.0,77.0,56.0,228.0,17.0,23.0,38.0,48.0,09/10/2017
DELHI,32.0,20.0,23.0,87.0,86.0,94.0,83.0,78.0,43.0,42.0,164.0,120.0,88.0,96.0,108.0,77.0,56.0,228.0,17.0,23.0,38.0,48.0,10/10/2017
DELHI,32.0,20.0,23.0,87.0,86.0,94.0,83.0,78.0,43.0,42.0,164.0,120.0,88.0,96.0,108.0,77.0,56.0,228.0,17.0,23.0,38.0,48.0,11/10/2017
DELHI,32.0,20.0,23.0,87.0,86.0,94.0,83.0,78.0,43.0,42.0,164.0,120.0,88.0,96.0,108.0,77.0,56.0,228.0,17.0,23.0,40.0,48.0,12/10/2017
DELHI,32.0,20.0,23.0,87.0,86.0,94.0,83.0,78.0,43.0,42.0,164.0,120.0,88.0,96.0,108.0,77.0,56.0,228.0,17.0,23.0,41.0,48.0,13/10/2017
DELHI,32.0,20.0,23.0,87.0,86.0,94.0,83.0,78.0,43.0,42.0,164.0,120.0,88.0,96.0,108.0,77.0,56.0,228.0,17.0,23.0,42.0,48.0,14/10/2017
DELHI,32.0,20.0,23.0,87.0,86.0,94.0,83.0,78.0,43.0,42.0,164.0,120.0,88.0,96.0,108.0,77.0,56.0,228.0,17.0,23.0,43.0,48.0,15/10/2017
DELHI,32.0,20.0,23.0,87.0,86.0,94.0,83.0,78.0,43.0,42.0,164.0,120.0,88.0,96.0,108.0,77.0,56.0,228.0,17.0,23.0,42.0,48.0,16/10/2017
DELHI,32.0,20.0,23.0,87.0,86.0,94.0,83.0,78.0,43.0,42.0,164.0,120.0,88.0,96.0,108.0,77.0,56.0,228.0,17.0,23.0,43.0,48.0,17/10/2017
DELHI,32.0,20.0,23.0,87.0,86.0,94.0,83.0,78.0,43.0,42.0,164.0,120.0,88.0,96.0,108.0,77.0,56.0,228.0,17.0,23.0,43.0,48.0,18/10/2017
DELHI,,,,,,,,,,,,,,,,,,,,,,,19/10/2017
DELHI,32.0,20.0,23.0,87.0,86.0,94.0,83.0,78.0,43.0,42.0,164.0,120.0,88.0,96.0,108.0,77.0,56.0,228.0,17.0,23.0,43.0,46.0,20/10/2017
DELHI,32.0,20.0,23.0,87.0,86.0,94.0,83.0,78.0,43.0,42.0,164.0,120.0,88.0,96.0,108.0,77.0,56.0,228.0,17.0,23.0,43.0,46.0,21/10/2017
DELHI,32.0,20.0,23.0,87.0,86.0,94.0,83.0,78.0,43.0,42.0,164.0,120.0,88.0,96.0,108.0,77.0,56.0,228.0,17.0,23.0,43.0,46.0,22/10/2017
DELHI,32.0,20.0,23.0,86.0,86.0,94.0,86.0,78.0,44.0,42.0,164.0,120.0,88.0,96.0,108.0,77.0,55.0,228.0,17.0,23.0,46.0,46.0,23/10/2017
DELHI,32.0,20.0,23.0,86.0,86.0,94.0,86.0,78.0,44.0,42.0,164.0,120.0,88.0,96.0,108.0,77.0,55.0,228.0,17.0,23.0,50.0,51.0,24/10/2017
DELHI,32.0,20.0,23.0,86.0,86.0,94.0,86.0,78.0,44.0,42.0,164.0,120.0,88.0,96.0,108.0,77.0,54.0,228.0,17.0,23.0,50.0,50.0,25/10/2017
DELHI,32.0,20.0,23.0,86.0,86.0,94.0,86.0,78.0,44.0,42.0,164.0,120.0,88.0,96.0,108.0,77.0,54.0,228.0,17.0,23.0,50.0,50.0,26/10/2017
DELHI,32.0,20.0,23.0,86.0,86.0,94.0,86.0,78.0,44.0,42.0,164.0,120.0,88.0,96.0,108.0,77.0,54.0,228.0,17.0,23.0,51.0,50.0,27/10/2017
DELHI,33.0,21.0,23.0,86.0,86.0,94.0,86.0,78.0,44.0,42.0,164.0,120.0,88.0,96.0,108.0,77.0,54.0,228.0,17.0,23.0,51.0,55.0,28/10/2017
DELHI,33.0,21.0,23.0,86.0,86.0,94.0,86.0,78.0,44.0,42.0,164.0,120.0,88.0,96.0,108.0,77.0,54.0,228.0,17.0,23.0,51.0,55.0,29/10/2017
DELHI,33.0,21.0,24.0,86.0,86.0,94.0,86.0,76.0,44.0,42.0,164.0,120.0,88.0,96.0,108.0,77.0,54.0,228.0,17.0,23.0,51.0,55.0,30/10/2017
DELHI,33.0,21.0,24.0,86.0,86.0,94.0,86.0,76.0,44.0,42.0,164.0,120.0,88.0,96.0,108.0,77.0,54.0,231.0,17.0,23.0,51.0,53.0,31/10/2017
DELHI,33.0,21.0,24.0,86.0,86.0,94.0,86.0,76.0,44.0,42.0,164.0,120.0,88.0,96.0,108.0,77.0,54.0,231.0,17.0,23.0,51.0,53.0,01/11/2017
DELHI,33.0,21.0,24.0,86.0,86.0,94.0,86.0,76.0,44.0,42.0,164.0,120.0,88.0,96.0,108.0,77.0,54.0,231.0,17.0,23.0,53.0,53.0,02/11/2017
DELHI,33.0,21.0,24.0,86.0,86.0,94.0,86.0,76.0,44.0,42.0,164.0,120.0,88.0,96.0,108.0,77.0,54.0,231.0,17.0,23.0,53.0,57.0,03/11/2017
DELHI,33.0,21.0,24.0,86.0,86.0,94.0,86.0,76.0,44.0,42.0,164.0,120.0,88.0,96.0,108.0,77.0,54.0,231.0,17.0,23.0,53.0,57.0,04/11/2017
DELHI,33.0,21.0,24.0,86.0,86.0,94.0,86.0,76.0,44.0,42.0,164.0,120.0,88.0,96.0,108.0,77.0,54.0,231.0,17.0,23.0,53.0,60.0,05/11/2017
DELHI,33.0,21.0,24.0,86.0,86.0,94.0,86.0,79.0,44.0,42.0,164.0,120.0,88.0,96.0,108.0,77.0,54.0,231.0,17.0,23.0,51.0,61.0,06/11/2017
DELHI,33.0,21.0,24.0,86.0,86.0,94.0,86.0,79.0,44.0,42.0,164.0,120.0,88.0,96.0,108.0,77.0,54.0,231.0,17.0,23.0,51.0,61.0,07/11/2017
DELHI,33.0,21.0,24.0,86.0,86.0,94.0,86.0,79.0,43.0,42.0,164.0,120.0,88.0,96.0,108.0,77.0,54.0,231.0,17.0,23.0,51.0,61.0,08/11/2017
DELHI,33.0,21.0,24.0,86.0,86.0,94.0,86.0,79.0,43.0,42.0,164.0,120.0,88.0,96.0,108.0,77.0,54.0,231.0,17.0,23.0,50.0,59.0,09/11/2017
DELHI,33.0,21.0,24.0,86.0,86.0,94.0,86.0,79.0,43.0,42.0,164.0,120.0,88.0,96.0,108.0,77.0,53.0,231.0,17.0,23.0,50.0,57.0,10/11/2017
DELHI,33.0,21.0,24.0,86.0,86.0,94.0,86.0,79.0,43.0,42.0,164.0,120.0,88.0,96.0,108.0,77.0,53.0,231.0,17.0,23.0,50.0,58.0,11/11/2017
DELHI,33.0,21.0,24.0,86.0,86.0,94.0,86.0,79.0,43.0,42.0,164.0,120.0,88.0,96.0,108.0,77.0,53.0,231.0,17.0,23.0,50.0,58.0,12/11/2017
DELHI,33.0,21.0,24.0,86.0,86.0,94.0,86.0,79.0,43.0,42.0,164.0,120.0,88.0,96.0,107.0,77.0,53.0,231.0,17.0,23.0,50.0,63.0,13/11/2017
DELHI,33.0,21.0,24.0,86.0,86.0,94.0,86.0,79.0,43.0,42.0,164.0,120.0,88.0,96.0,107.0,77.0,53.0,231.0,17.0,23.0,50.0,63.0,14/11/2017
DELHI,33.0,21.0,24.0,86.0,84.0,94.0,86.0,79.0,43.0,42.0,164.0,120.0,88.0,96.0,107.0,77.0,53.0,231.0,17.0,23.0,50.0,63.0,15/11/2017
DELHI,33.0,21.0,24.0,86.0,84.0,94.0,86.0,79.0,43.0,42.0,164.0,120.0,88.0,97.0,107.0,77.0,53.0,231.0,17.0,23.0,49.0,62.0,16/11/2017
DELHI,34.0,21.0,24.0,86.0,84.0,92.0,86.0,77.0,43.0,42.0,164.0,120.0,88.0,97.0,107.0,77.0,53.0,231.0,17.0,23.0,49.0,62.0,17/11/2017
DELHI,34.0,21.0,24.0,86.0,84.0,92.0,86.0,77.0,43.0,42.0,164.0,120.0,88.0,97.0,107.0,77.0,53.0,231.0,17.0,23.0,49.0,58.0,18/11/2017
DELHI,34.0,21.0,24.0,86.0,84.0,92.0,86.0,77.0,43.0,42.0,164.0,120.0,88.0,97.0,107.0,77.0,53.0,231.0,17.0,23.0,49.0,58.0,19/11/2017
DELHI,34.0,21.0,24.0,86.0,83.0,92.0,86.0,77.0,43.0,42.0,164.0,120.0,88.0,97.0,107.0,77.0,53.0,231.0,17.0,21.0,47.0,62.0,20/11/2017
DELHI,34.0,21.0,24.0,86.0,83.0,92.0,86.0,77.0,43.0,42.0,164.0,120.0,88.0,97.0,107.0,77.0,53.0,231.0,17.0,21.0,47.0,62.0,21/11/2017
DELHI,34.0,21.0,24.0,86.0,83.0,92.0,86.0,77.0,43.0,42.0,164.0,120.0,88.0,97.0,107.0,77.0,53.0,231.0,17.0,21.0,47.0,62.0,22/11/2017
DELHI,34.0,21.0,24.0,86.0,83.0,92.0,86.0,77.0,42.0,42.0,164.0,120.0,88.0,99.0,109.0,78.0,53.0,231.0,17.0,21.0,47.0,62.0,23/11/2017
DELHI,34.0,21.0,24.0,84.0,83.0,92.0,86.0,77.0,42.0,42.0,164.0,120.0,88.0,99.0,109.0,78.0,53.0,231.0,17.0,21.0,53.0,62.0,24/11/2017
DELHI,34.0,21.0,24.0,84.0,83.0,92.0,86.0,77.0,42.0,42.0,164.0,120.0,88.0,99.0,109.0,78.0,53.0,231.0,17.0,21.0,54.0,63.0,25/11/2017
DELHI,34.0,21.0,24.0,84.0,83.0,92.0,86.0,77.0,42.0,42.0,164.0,120.0,88.0,99.0,109.0,78.0,53.0,231.0,17.0,21.0,63.0,63.0,26/11/2017
DELHI,34.0,21.0,24.0,85.0,84.0,92.0,86.0,79.0,42.0,42.0,164.0,120.0,88.0,103.0,109.0,78.0,53.0,231.0,17.0,21.0,63.0,63.0,27/11/2017
DELHI,34.0,21.0,24.0,85.0,84.0,92.0,86.0,79.0,42.0,42.0,164.0,120.0,88.0,103.0,109.0,78.0,53.0,231.0,17.0,21.0,63.0,63.0,28/11/2017
DELHI,34.0,21.0,24.0,85.0,84.0,92.0,86.0,79.0,42.0,42.0,164.0,121.0,88.0,103.0,109.0,78.0,53.0,231.0,17.0,21.0,62.0,62.0,29/11/2017
DELHI,34.0,21.0,24.0,85.0,84.0,92.0,86.0,79.0,42.0,42.0,164.0,121.0,88.0,103.0,110.0,78.0,53.0,231.0,17.0,21.0,62.0,62.0,30/11/2017
DELHI,34.0,21.0,24.0,85.0,84.0,92.0,86.0,79.0,42.0,42.0,164.0,121.0,88.0,103.0,110.0,78.0,53.0,231.0,17.0,21.0,62.0,62.0,01/12/2017
DELHI,34.0,21.0,24.0,85.0,84.0,92.0,86.0,79.0,42.0,42.0,164.0,121.0,88.0,103.0,110.0,78.0,53.0,231.0,17.0,21.0,62.0,62.0,02/12/2017
DELHI,34.0,21.0,24.0,85.0,84.0,92.0,86.0,79.0,42.0,42.0,164.0,121.0,88.0,103.0,110.0,78.0,53.0,231.0,17.0,21.0,60.0,62.0,03/12/2017
DELHI,34.0,21.0,24.0,85.0,84.0,92.0,86.0,79.0,42.0,42.0,164.0,121.0,88.0,103.0,110.0,78.0,53.0,231.0,17.0,21.0,59.0,58.0,04/12/2017
DELHI,34.0,21.0,24.0,85.0,84.0,92.0,86.0,79.0,42.0,42.0,165.0,121.0,88.0,103.0,110.0,78.0,53.0,231.0,17.0,21.0,58.0,57.0,05/12/2017
DELHI,34.0,20.0,23.0,84.0,84.0,90.0,86.0,79.0,42.0,42.0,165.0,121.0,88.0,103.0,110.0,78.0,53.0,231.0,17.0,21.0,57.0,57.0,06/12/2017
DELHI,34.0,20.0,23.0,83.0,84.0,89.0,85.0,79.0,41.0,42.0,165.0,121.0,88.0,103.0,110.0,78.0,53.0,231.0,17.0,21.0,55.0,53.0,07/12/2017
DELHI,34.0,20.0,23.0,84.0,83.0,89.0,85.0,79.0,41.0,42.0,165.0,121.0,88.0,103.0,110.0,78.0,53.0,231.0,17.0,21.0,54.0,53.0,08/12/2017
DELHI,34.0,20.0,23.0,84.0,83.0,89.0,85.0,79.0,41.0,42.0,165.0,121.0,88.0,103.0,110.0,78.0,53.0,231.0,17.0,19.0,54.0,53.0,09/12/2017
DELHI,34.0,20.0,23.0,84.0,83.0,89.0,85.0,79.0,41.0,42.0,165.0,121.0,88.0,103.0,110.0,78.0,53.0,231.0,17.0,18.0,54.0,53.0,10/12/2017
DELHI,34.0,20.0,23.0,84.0,83.0,89.0,85.0,79.0,41.0,42.0,165.0,121.0,88.0,103.0,110.0,78.0,53.0,231.0,17.0,18.0,54.0,48.0,11/12/2017
DELHI,34.0,20.0,23.0,84.0,83.0,89.0,85.0,77.0,41.0,42.0,165.0,121.0,88.0,103.0,110.0,78.0,53.0,231.0,17.0,18.0,54.0,46.0,12/12/2017
DELHI,34.0,20.0,23.0,84.0,83.0,89.0,85.0,77.0,41.0,42.0,165.0,121.0,88.0,103.0,110.0,78.0,53.0,231.0,17.0,18.0,54.0,45.0,13/12/2017
DELHI,34.0,20.0,23.0,82.0,83.0,89.0,85.0,77.0,41.0,42.0,165.0,121.0,88.0,103.0,110.0,78.0,53.0,231.0,17.0,18.0,55.0,39.0,14/12/2017
DELHI,34.0,20.0,23.0,82.0,83.0,89.0,85.0,77.0,41.0,42.0,165.0,121.0,88.0,103.0,110.0,78.0,53.0,231.0,17.0,18.0,55.0,39.0,15/12/2017
DELHI,34.0,20.0,23.0,82.0,83.0,89.0,85.0,77.0,41.0,42.0,165.0,121.0,88.0,103.0,110.0,78.0,53.0,231.0,17.0,18.0,55.0,39.0,16/12/2017
DELHI,34.0,20.0,23.0,82.0,83.0,89.0,85.0,77.0,41.0,42.0,165.0,121.0,88.0,103.0,110.0,78.0,53.0,231.0,17.0,18.0,55.0,37.0,17/12/2017
DELHI,34.0,20.0,23.0,82.0,83.0,89.0,85.0,77.0,41.0,42.0,165.0,121.0,88.0,103.0,110.0,78.0,53.0,231.0,17.0,18.0,55.0,36.0,18/12/2017
DELHI,34.0,20.0,23.0,82.0,83.0,89.0,85.0,77.0,40.0,42.0,165.0,121.0,88.0,103.0,110.0,78.0,53.0,231.0,17.0,17.0,55.0,36.0,19/12/2017
DELHI,34.0,19.0,23.0,83.0,83.0,89.0,86.0,77.0,40.0,42.0,165.0,121.0,88.0,103.0,110.0,78.0,53.0,231.0,17.0,17.0,55.0,36.0,20/12/2017
DELHI,34.0,19.0,23.0,83.0,83.0,87.0,84.0,74.0,40.0,42.0,164.0,120.0,88.0,102.0,110.0,78.0,53.0,231.0,17.0,17.0,55.0,35.0,21/12/2017
DELHI,34.0,19.0,23.0,83.0,82.0,87.0,84.0,74.0,40.0,42.0,164.0,120.0,88.0,102.0,109.0,78.0,53.0,231.0,17.0,17.0,55.0,34.0,22/12/2017
DELHI,34.0,19.0,23.0,83.0,82.0,87.0,84.0,74.0,40.0,42.0,164.0,120.0,88.0,102.0,109.0,78.0,53.0,231.0,17.0,17.0,55.0,34.0,23/12/2017
DELHI,34.0,19.0,23.0,83.0,82.0,87.0,84.0,74.0,40.0,42.0,164.0,120.0,88.0,102.0,109.0,78.0,53.0,231.0,17.0,17.0,55.0,34.0,24/12/2017
DELHI,34.0,19.0,23.0,83.0,82.0,87.0,84.0,74.0,40.0,42.0,164.0,120.0,88.0,102.0,109.0,78.0,53.0,231.0,17.0,17.0,55.0,34.0,25/12/2017
DELHI,34.0,19.0,23.0,83.0,82.0,87.0,84.0,74.0,40.0,42.0,164.0,120.0,88.0,102.0,109.0,78.0,53.0,231.0,17.0,16.0,53.0,33.0,26/12/2017
DELHI,34.0,19.0,23.0,83.0,82.0,87.0,84.0,74.0,40.0,42.0,164.0,120.0,88.0,102.0,109.0,78.0,53.0,231.0,17.0,16.0,53.0,33.0,27/12/2017
DELHI,34.0,19.0,23.0,83.0,82.0,87.0,84.0,74.0,40.0,42.0,164.0,120.0,88.0,102.0,109.0,78.0,53.0,231.0,17.0,16.0,53.0,33.0,28/12/2017
DELHI,34.0,19.0,23.0,83.0,82.0,87.0,84.0,74.0,40.0,42.0,164.0,120.0,88.0,102.0,109.0,78.0,53.0,231.0,17.0,16.0,53.0,33.0,29/12/2017
DELHI,34.0,19.0,23.0,83.0,82.0,87.0,84.0,74.0,40.0,42.0,164.0,120.0,88.0,102.0,109.0,78.0,53.0,231.0,17.0,16.0,53.0,33.0,30/12/2017
DELHI,34.0,19.0,23.0,83.0,82.0,87.0,84.0,74.0,40.0,42.0,164.0,120.0,88.0,102.0,109.0,78.0,53.0,231.0,17.0,16.0,53.0,32.0,31/12/2017
