,index,rate,date
0,1273,66.03,2017-06-26
1,1274,65.89,2017-06-27
2,1275,65.94,2017-06-28
3,1276,65.9,2017-06-29
4,1277,65.78,2017-06-30
5,1278,,2017-07-01
6,1279,,2017-07-02
7,1280,65.56,2017-07-03
8,1281,65.46,2017-07-04
9,1282,65.5,2017-07-05
10,1283,65.58,2017-07-06
11,1284,65.72,2017-07-07
12,1285,,2017-07-08
13,1286,,2017-07-09
14,1287,66.29,2017-07-10
15,1288,66.38,2017-07-11
16,1289,66.43,2017-07-12
17,1290,66.36,2017-07-13
18,1291,66.34,2017-07-14
19,1292,,2017-07-15
20,1293,,2017-07-16
21,1294,66.66,2017-07-17
22,1295,66.67,2017-07-18
23,1296,66.72,2017-07-19
24,1297,66.77,2017-07-20
25,1298,66.75,2017-07-21
26,1299,,2017-07-22
27,1300,,2017-07-23
28,1301,67.06,2017-07-24
29,1302,67.1,2017-07-25
30,1303,67.06,2017-07-26
31,1304,67.07,2017-07-27
32,1305,67.18,2017-07-28
33,1306,,2017-07-29
34,1307,,2017-07-30
35,1308,67.78,2017-07-31
36,1309,67.76,2017-08-01
37,1310,67.78,2017-08-02
38,1311,,2017-08-03
39,1312,68.34,2017-08-04
40,1313,,2017-08-05
41,1314,,2017-08-06
42,1315,69.08,2017-08-07
43,1316,69.13,2017-08-08
44,1317,69.2,2017-08-09
45,1318,69.35,2017-08-10
46,1319,69.68,2017-08-11
47,1320,,2017-08-12
48,1321,,2017-08-13
49,1322,70.44,2017-08-14
50,1323,,2017-08-15
51,1324,70.59,2017-08-16
52,1325,70.7,2017-08-17
53,1326,70.76,2017-08-18
54,1327,,2017-08-19
55,1328,,2017-08-20
56,1329,71.06,2017-08-21
57,1330,71.15,2017-08-22
58,1331,71.26,2017-08-23
59,1332,71.37,2017-08-24
60,1333,,2017-08-25
61,1334,,2017-08-26
62,1335,,2017-08-27
63,1336,71.64,2017-08-28
64,1337,71.62,2017-08-29
65,1338,71.67,2017-08-30
66,1339,71.7,2017-08-31
67,1340,71.78,2017-09-01
68,1341,,2017-09-02
69,1342,,2017-09-03
70,1343,72.17,2017-09-04
71,1344,72.25,2017-09-05
72,1345,,2017-09-06
73,1346,72.34,2017-09-07
74,1347,72.44,2017-09-08
75,1348,,2017-09-09
76,1349,,2017-09-10
77,1350,72.85,2017-09-11
78,1351,72.95,2017-09-12
79,1352,72.92,2017-09-13
80,1353,72.97,2017-09-14
81,1354,73.01,2017-09-15
82,1355,,2017-09-16
83,1356,,2017-09-17
84,1357,,2017-09-18
85,1358,73.07,2017-09-19
86,1359,73.1,2017-09-20
87,1360,73.07,2017-09-21
88,1361,73.05,2017-09-22
89,1362,,2017-09-23
90,1363,,2017-09-24
91,1364,72.96,2017-09-25
92,1365,72.99,2017-09-26
93,1366,72.96,2017-09-27
94,1367,73.04,2017-09-28
95,1368,73.15,2017-09-29
96,1369,,2017-09-30
97,1370,,2017-10-01
98,1371,,2017-10-02
99,1372,73.41,2017-10-03
100,1373,70.85,2017-10-04
101,1374,70.81,2017-10-05
102,1375,70.83,2017-10-06
103,1376,,2017-10-07
104,1377,,2017-10-08
105,1378,70.89,2017-10-09
106,1379,70.93,2017-10-10
107,1380,70.96,2017-10-11
108,1381,70.89,2017-10-12
109,1382,70.9,2017-10-13
110,1383,,2017-10-14
111,1384,,2017-10-15
112,1385,70.72,2017-10-16
113,1386,70.69,2017-10-17
114,1387,70.73,2017-10-18
115,1388,,2017-10-19
116,1389,,2017-10-20
117,1390,,2017-10-21
118,1391,,2017-10-22
119,1392,,2017-10-23
120,1393,71.04,2017-10-24
121,1394,71.1,2017-10-25
122,1395,71.14,2017-10-26
123,1396,,2017-10-27
124,1397,,2017-10-28
125,1398,,2017-10-29
126,1399,71.54,2017-10-30
127,1400,71.64,2017-10-31
128,1401,71.65,2017-11-01
129,1402,71.77,2017-11-02
130,1403,71.86,2017-11-03
131,1404,,2017-11-04
132,1405,,2017-11-05
133,1406,72.31,2017-11-06
134,1407,72.35,2017-11-07
135,1408,,2017-11-08
136,1409,72.4,2017-11-09
137,1410,72.48,2017-11-10
138,1411,,2017-11-11
139,1412,,2017-11-12
140,1413,72.41,2017-11-13
141,1414,72.27,2017-11-14
142,1415,72.22,2017-11-15
143,1416,72.19,2017-11-16
144,1417,72.15,2017-11-17
145,1418,,2017-11-18
146,1419,,2017-11-19
147,1420,72.12,2017-11-20
148,1421,72.06,2017-11-21
149,1422,72.01,2017-11-22
150,1423,71.96,2017-11-23
151,1424,71.94,2017-11-24
152,1425,,2017-11-25
153,1426,,2017-11-26
154,1427,71.88,2017-11-27
155,1428,71.78,2017-11-28
156,1429,71.86,2017-11-29
157,1430,71.76,2017-11-30
158,1431,71.74,2017-12-01
159,1432,,2017-12-02
160,1433,,2017-12-03
161,1434,,2017-12-04
162,1435,71.85,2017-12-05
163,1436,71.76,2017-12-06
164,1437,71.75,2017-12-07
165,1438,71.7,2017-12-08
166,1439,,2017-12-09
167,1440,,2017-12-10
168,1441,71.71,2017-12-11
169,1442,71.6,2017-12-12
170,1443,71.58,2017-12-13
171,1444,,2017-12-14
172,1445,71.61,2017-12-15
173,1446,,2017-12-16
174,1447,,2017-12-17
175,1448,71.79,2017-12-18
176,1449,71.87,2017-12-19
177,1450,71.95,2017-12-20
178,1451,,2017-12-21
179,1452,72.03,2017-12-22
180,1453,,2017-12-23
181,1454,,2017-12-24
182,1455,,2017-12-25
183,1456,72.25,2017-12-26
184,1457,72.26,2017-12-27
185,1458,72.36,2017-12-28
186,1459,72.45,2017-12-29
187,1460,,2017-12-30
188,1461,,2017-12-31
189,1462,72.61,2018-01-01
190,1463,72.53,2018-01-02
191,1464,72.61,2018-01-03
192,1465,,2018-01-04
193,1466,72.63,2018-01-05
194,1467,,2018-01-06
195,1468,,2018-01-07
196,1469,73.08,2018-01-08
197,1470,73.14,2018-01-09
198,1471,73.21,2018-01-10
199,1472,73.25,2018-01-11
200,1473,73.32,2018-01-12
201,1474,,2018-01-13
202,1475,,2018-01-14
203,1476,73.78,2018-01-15
204,1477,73.87,2018-01-16
205,1478,74.0,2018-01-17
206,1479,74.18,2018-01-18
207,1480,74.33,2018-01-19
208,1481,,2018-01-20
209,1482,,2018-01-21
210,1483,74.88,2018-01-22
211,1484,75.04,2018-01-23
212,1485,75.09,2018-01-24
213,1486,75.16,2018-01-25
214,1487,,2018-01-26
215,1488,,2018-01-27
216,1489,,2018-01-28
217,1490,75.53,2018-01-29
218,1491,75.61,2018-01-30
219,1492,,2018-01-31
220,1493,75.75,2018-02-01
221,1494,75.8,2018-02-02
222,1495,,2018-02-03
223,1496,,2018-02-04
224,1497,76.02,2018-02-05
225,1498,76.09,2018-02-06
226,1499,,2018-02-07
227,1500,76.08,2018-02-08
228,1501,76.06,2018-02-09
229,1502,,2018-02-10
230,1503,,2018-02-11
231,1504,75.71,2018-02-12
232,1505,75.63,2018-02-13
233,1506,,2018-02-14
234,1507,75.47,2018-02-15
235,1508,75.19,2018-02-16
236,1509,,2018-02-17
237,1510,,2018-02-18
238,1511,74.56,2018-02-19
239,1512,74.36,2018-02-20
240,1513,74.35,2018-02-21
241,1514,74.33,2018-02-22
242,1515,74.23,2018-02-23
243,1516,,2018-02-24
244,1517,,2018-02-25
245,1518,74.15,2018-02-26
246,1519,74.13,2018-02-27
247,1520,,2018-02-28
248,1521,74.26,2018-03-01
249,1522,74.45,2018-03-02
250,1523,,2018-03-03
251,1524,,2018-03-04
252,1525,75.05,2018-03-05
253,1526,75.13,2018-03-06
254,1527,,2018-03-07
255,1528,,2018-03-08
256,1529,75.17,2018-03-09
257,1530,,2018-03-10
258,1531,,2018-03-11
259,1532,75.19,2018-03-12
260,1533,75.21,2018-03-13
261,1534,,2018-03-14
262,1535,75.19,2018-03-15
263,1536,75.11,2018-03-16
264,1537,,2018-03-17
265,1538,,2018-03-18
266,1539,74.92,2018-03-19
267,1540,74.93,2018-03-20
268,1541,,2018-03-21
269,1542,74.99,2018-03-22
270,1543,75.03,2018-03-23
271,1544,,2018-03-24
272,1545,,2018-03-25
273,1546,75.55,2018-03-26
274,1547,75.66,2018-03-27
275,1548,,2018-03-28
276,1549,75.85,2018-03-29
277,1550,76.1,2018-03-30
278,1551,,2018-03-31
279,1552,,2018-04-01
280,1553,76.62,2018-04-02
281,1554,76.76,2018-04-03
282,1555,,2018-04-04
283,1556,76.79,2018-04-05
284,1557,,2018-04-06
285,1558,,2018-04-07
286,1559,,2018-04-08
287,1560,76.8,2018-04-09
288,1561,76.79,2018-04-10
289,1562,,2018-04-11
290,1563,76.75,2018-04-12
291,1564,76.71,2018-04-13
292,1565,,2018-04-14
293,1566,,2018-04-15
294,1567,76.83,2018-04-16
295,1568,,2018-04-17
296,1569,,2018-04-18
297,1570,76.88,2018-04-19
298,1571,76.89,2018-04-20
299,1572,,2018-04-21
300,1573,,2018-04-22
301,1574,77.34,2018-04-23
302,1575,77.47,2018-04-24
303,1576,,2018-04-25
304,1577,,2018-04-26
305,1578,,2018-04-27
306,1579,,2018-04-28
307,1580,,2018-04-29
308,1581,,2018-04-30
309,1582,,2018-05-01
310,1583,,2018-05-02
311,1584,,2018-05-03
312,1585,,2018-05-04
313,1586,,2018-05-05
314,1587,,2018-05-06
315,1588,,2018-05-07
316,1589,,2018-05-08
317,1590,,2018-05-09
318,1591,,2018-05-10
319,1592,,2018-05-11
320,1593,,2018-05-12
321,1594,,2018-05-13
322,1595,77.65,2018-05-14
323,1596,77.81,2018-05-15
324,1597,77.97,2018-05-16
325,1598,78.2,2018-05-17
326,1599,77.65,2018-05-18
327,1600,,2018-05-19
328,1601,,2018-05-20
329,1602,79.51,2018-05-21
330,1603,79.83,2018-05-22
331,1604,80.15,2018-05-23
332,1605,80.46,2018-05-24
333,1606,80.84,2018-05-25
334,1607,80.99,2018-05-26
335,1608,81.15,2018-05-27
336,1609,81.3,2018-05-28
337,1610,81.47,2018-05-29
338,1611,,2018-05-30
339,1612,81.39,2018-05-31
340,1613,81.32,2018-06-01
341,1614,81.23,2018-06-02
342,1615,81.14,2018-06-03
343,1616,80.98,2018-06-04
344,1617,80.84,2018-06-05
345,1618,80.72,2018-06-06
346,1619,80.63,2018-06-07
347,1620,80.41,2018-06-08
348,1621,79.99,2018-06-09
349,1622,79.74,2018-06-10
350,1623,79.52,2018-06-11
351,1624,79.37,2018-06-12
352,1625,,2018-06-13
353,1626,,2018-06-14
354,1627,79.28,2018-06-15
355,1628,,2018-06-16
356,1629,,2018-06-17
357,1630,,2018-06-18
358,1631,79.2,2018-06-19
359,1632,,2018-06-20
360,1633,79.08,2018-06-21
361,1634,78.94,2018-06-22
362,1635,78.84,2018-06-23
363,1636,78.69,2018-06-24
364,1637,78.59,2018-06-25
365,1638,78.44,2018-06-26
366,1639,,2018-06-27
367,1640,,2018-06-28
368,1641,,2018-06-29
369,1642,,2018-06-30
370,1643,,2018-07-01
371,1644,,2018-07-02
372,1645,,2018-07-03
373,1646,,2018-07-04
374,1647,78.61,2018-07-05
375,1648,78.76,2018-07-06
376,1649,,2018-07-07
377,1650,,2018-07-08
378,1651,79.29,2018-07-09
379,1652,79.47,2018-07-10
380,1653,,2018-07-11
381,1654,79.54,2018-07-12
382,1655,79.71,2018-07-13
383,1656,,2018-07-14
384,1657,,2018-07-15
385,1658,79.8,2018-07-16
386,1659,,2018-07-17
387,1660,,2018-07-18
388,1661,,2018-07-19
389,1662,79.63,2018-07-20
390,1663,,2018-07-21
391,1664,,2018-07-22
392,1665,79.29,2018-07-23
393,1666,79.22,2018-07-24
394,1667,,2018-07-25
395,1668,,2018-07-26
396,1669,,2018-07-27
397,1670,,2018-07-28
398,1671,,2018-07-29
399,1672,79.24,2018-07-30
400,1673,79.31,2018-07-31
401,1674,,2018-08-01
402,1675,79.43,2018-08-02
403,1676,79.51,2018-08-03
404,1677,,2018-08-04
405,1678,,2018-08-05
406,1679,80.0,2018-08-06
407,1680,80.09,2018-08-07
408,1681,,2018-08-08
409,1682,,2018-08-09
410,1683,,2018-08-10
411,1684,,2018-08-11
412,1685,,2018-08-12
413,1686,80.18,2018-08-13
414,1687,,2018-08-14
415,1688,,2018-08-15
416,1689,80.23,2018-08-16
417,1690,,2018-08-17
418,1691,,2018-08-18
419,1692,,2018-08-19
420,1693,80.55,2018-08-20
421,1694,80.64,2018-08-21
422,1695,,2018-08-22
423,1696,,2018-08-23
424,1697,80.74,2018-08-24
425,1698,74.74,2018-08-25
426,1699,74.83,2018-08-26
427,1700,80.99,2018-08-27
428,1701,81.14,2018-08-28
429,1702,81.28,2018-08-29
430,1703,81.4,2018-08-30
431,1704,81.63,2018-08-31
432,1705,,2018-09-01
433,1706,,2018-09-02
434,1707,82.34,2018-09-03
435,1708,82.51,2018-09-04
436,1709,,2018-09-05
437,1710,82.72,2018-09-06
438,1711,83.22,2018-09-07
439,1712,,2018-09-08
440,1713,,2018-09-09
441,1714,84.0,2018-09-10
442,1715,84.15,2018-09-11
443,1716,,2018-09-12
444,1717,84.29,2018-09-13
445,1718,84.58,2018-09-14
446,1719,84.95,2018-09-15
447,1720,85.24,2018-09-16
448,1721,85.4,2018-09-17
449,1722,85.51,2018-09-18
450,1723,,2018-09-19
451,1724,85.57,2018-09-20
452,1725,85.68,2018-09-21
453,1726,,2018-09-22
454,1727,85.97,2018-09-23
455,1728,86.08,2018-09-24
456,1729,86.23,2018-09-25
457,1730,,2018-09-26
458,1731,86.38,2018-09-27
459,1732,86.61,2018-09-28
460,1733,,2018-09-29
461,1734,86.89,2018-09-30
462,1735,87.13,2018-10-01
463,1736,87.24,2018-10-02
464,1737,,2018-10-03
465,1738,87.39,2018-10-04
466,1739,84.76,2018-10-05
467,1740,84.95,2018-10-06
468,1741,85.09,2018-10-07
469,1742,85.31,2018-10-08
470,1743,85.56,2018-10-09
471,1744,,2018-10-10
472,1745,85.66,2018-10-11
473,1746,85.79,2018-10-12
474,1747,85.98,2018-10-13
475,1748,86.04,2018-10-14
476,1749,,2018-10-15
477,1750,86.16,2018-10-16
478,1751,,2018-10-17
479,1752,85.94,2018-10-18
480,1753,85.68,2018-10-19
481,1754,85.27,2018-10-20
482,1755,,2018-10-21
483,1756,84.69,2018-10-22
484,1757,84.59,2018-10-23
485,1758,84.49,2018-10-24
486,1759,84.34,2018-10-25
487,1760,84.07,2018-10-26
488,1761,,2018-10-27
489,1762,,2018-10-28
490,1763,82.91,2018-10-29
491,1764,82.7,2018-10-30
492,1765,,2018-10-31
493,1766,82.51,2018-11-01
494,1767,82.33,2018-11-02
495,1768,,2018-11-03
496,1769,,2018-11-04
497,1770,81.7,2018-11-05
498,1771,81.55,2018-11-06
499,1772,,2018-11-07
500,1773,,2018-11-08
501,1774,,2018-11-09
502,1775,,2018-11-10
503,1776,,2018-11-11
504,1777,80.65,2018-11-12
505,1778,80.51,2018-11-13
506,1779,,2018-11-14
507,1780,80.35,2018-11-15
508,1781,80.17,2018-11-16
509,1782,,2018-11-17
510,1783,,2018-11-18
511,1784,79.55,2018-11-19
512,1785,79.41,2018-11-20
513,1786,,2018-11-21
514,1787,78.98,2018-11-22
515,1788,78.55,2018-11-23
516,1789,,2018-11-24
517,1790,,2018-11-25
518,1791,77.42,2018-11-26
519,1792,76.98,2018-11-27
520,1793,76.45,2018-11-28
521,1794,76.1,2018-11-29
522,1795,75.71,2018-11-30
523,1796,75.34,2018-12-01
524,1797,75.01,2018-12-02
525,1798,74.68,2018-12-03
526,1799,74.46,2018-12-04
527,1800,,2018-12-05
528,1801,74.04,2018-12-06
529,1802,73.62,2018-12-07
530,1803,,2018-12-08
531,1804,,2018-12-09
532,1805,72.98,2018-12-10
533,1806,72.81,2018-12-11
534,1807,,2018-12-12
535,1808,72.9,2018-12-13
536,1809,,2018-12-14
537,1810,,2018-12-15
538,1811,,2018-12-16
539,1812,73.15,2018-12-17
540,1813,73.26,2018-12-18
541,1814,,2018-12-19
542,1815,,2018-12-20
543,1816,73.08,2018-12-21
544,1817,,2018-12-22
545,1818,,2018-12-23
546,1819,72.45,2018-12-24
547,1820,72.38,2018-12-25
548,1821,,2018-12-26
549,1822,72.32,2018-12-27
550,1823,72.12,2018-12-28
551,1824,,2018-12-29
552,1825,,2018-12-30
553,1826,71.38,2018-12-31
554,1827,,2019-01-01
555,1828,71.27,2019-01-02
556,1829,,2019-01-03
557,1830,71.05,2019-01-04
558,1831,,2019-01-05
559,1832,,2019-01-06
560,1833,71.11,2019-01-07
561,1834,,2019-01-08
562,1835,,2019-01-09
563,1836,71.51,2019-01-10
564,1837,71.71,2019-01-11
565,1838,,2019-01-12
566,1839,,2019-01-13
567,1840,72.83,2019-01-14
568,1841,,2019-01-15
569,1842,73.04,2019-01-16
570,1843,73.19,2019-01-17
571,1844,73.27,2019-01-18
572,1845,,2019-01-19
573,1846,,2019-01-20
574,1847,73.89,2019-01-21
575,1848,74.03,2019-01-22
576,1849,,2019-01-23
577,1850,,2019-01-24
578,1851,,2019-01-25
579,1852,,2019-01-26
580,1853,,2019-01-27
581,1854,,2019-01-28
582,1855,73.94,2019-01-29
583,1856,,2019-01-30
584,1857,73.84,2019-01-31
585,1858,73.59,2019-02-01
586,1859,,2019-02-02
587,1860,,2019-02-03
588,1861,,2019-02-04
589,1862,73.06,2019-02-05
590,1863,,2019-02-06
591,1864,,2019-02-07
592,1865,73.0,2019-02-08
593,1866,,2019-02-09
594,1867,,2019-02-10
595,1868,72.94,2019-02-11
596,1869,,2019-02-12
597,1870,,2019-02-13
598,1871,73.01,2019-02-14
599,1872,73.08,2019-02-15
600,1873,,2019-02-16
601,1874,,2019-02-17
602,1875,73.55,2019-02-18
603,1876,73.66,2019-02-19
604,1877,,2019-02-20
605,1878,,2019-02-21
606,1879,73.97,2019-02-22
607,1880,,2019-02-23
608,1881,,2019-02-24
609,1882,74.26,2019-02-25
610,1883,74.36,2019-02-26
611,1884,,2019-02-27
612,1885,74.43,2019-02-28
613,1886,74.54,2019-03-01
614,1887,,2019-03-02
615,1888,,2019-03-03
616,1889,74.92,2019-03-04
617,1890,74.99,2019-03-05
618,1891,,2019-03-06
619,1892,,2019-03-07
620,1893,,2019-03-08
621,1894,,2019-03-09
622,1895,,2019-03-10
623,1896,75.23,2019-03-11
624,1897,75.17,2019-03-12
625,1898,,2019-03-13
626,1899,75.25,2019-03-14
627,1900,75.32,2019-03-15
628,1901,,2019-03-16
629,1902,,2019-03-17
630,1903,75.56,2019-03-18
631,1904,,2019-03-19
632,1905,,2019-03-20
633,1906,75.49,2019-03-21
634,1907,75.54,2019-03-22
635,1908,75.59,2019-03-23
636,1909,75.65,2019-03-24
637,1910,,2019-03-25
638,1911,,2019-03-26
639,1912,,2019-03-27
640,1913,75.59,2019-03-28
641,1914,,2019-03-29
642,1915,,2019-03-30
643,1916,,2019-03-31
644,1917,75.67,2019-04-01
645,1918,,2019-04-02
646,1919,,2019-04-03
647,1920,,2019-04-04
648,1921,75.73,2019-04-05
649,1922,,2019-04-06
650,1923,,2019-04-07
651,1924,75.66,2019-04-08
652,1925,75.61,2019-04-09
653,1926,,2019-04-10
654,1927,,2019-04-11
655,1928,75.67,2019-04-12
656,1929,,2019-04-13
657,1930,,2019-04-14
658,1931,75.8,2019-04-15
659,1932,75.75,2019-04-16
660,1933,,2019-04-17
661,1934,,2019-04-18
662,1935,,2019-04-19
663,1936,75.82,2019-04-20
664,1937,,2019-04-21
665,1938,75.77,2019-04-22
666,1939,,2019-04-23
667,1940,,2019-04-24
668,1941,75.84,2019-04-25
669,1942,,2019-04-26
670,1943,75.91,2019-04-27
671,1944,,2019-04-28
672,1945,,2019-04-29
673,1946,75.96,2019-04-30
674,1947,,2019-05-01
675,1948,75.89,2019-05-02
676,1949,,2019-05-03
677,1950,75.9,2019-05-04
678,1951,75.84,2019-05-05
679,1952,75.77,2019-05-06
680,1953,,2019-05-07
681,1954,,2019-05-08
682,1955,75.6,2019-05-09
683,1956,75.38,2019-05-10
684,1957,74.87,2019-05-11
685,1958,74.43,2019-05-12
686,1959,74.11,2019-05-13
687,1960,73.85,2019-05-14
688,1961,,2019-05-15
689,1962,,2019-05-16
690,1963,73.77,2019-05-17
691,1964,73.69,2019-05-18
692,1965,,2019-05-19
693,1966,73.79,2019-05-20
694,1967,73.84,2019-05-21
695,1968,,2019-05-22
696,1969,73.92,2019-05-23
697,1970,74.07,2019-05-24
698,1971,74.22,2019-05-25
699,1972,74.37,2019-05-26
700,1973,74.47,2019-05-27
701,1974,74.57,2019-05-28
702,1975,,2019-05-29
703,1976,74.5,2019-05-30
704,1977,74.43,2019-05-31
705,1978,74.39,2019-06-01
706,1979,74.27,2019-06-02
707,1980,74.05,2019-06-03
708,1981,73.98,2019-06-04
709,1982,,2019-06-05
710,1983,73.81,2019-06-06
711,1984,73.68,2019-06-07
712,1985,,2019-06-08
713,1986,,2019-06-09
714,1987,73.14,2019-06-10
715,1988,,2019-06-11
716,1989,,2019-06-12
717,1990,73.05,2019-06-13
718,1991,72.88,2019-06-14
719,1992,72.68,2019-06-15
720,1993,72.61,2019-06-16
721,1994,,2019-06-17
722,1995,,2019-06-18
723,1996,,2019-06-19
724,1997,,2019-06-20
725,1998,,2019-06-21
726,1999,,2019-06-22
727,2000,,2019-06-23
728,2001,72.74,2019-06-24
729,2002,,2019-06-25
730,2003,,2019-06-26
731,2004,72.81,2019-06-27
732,2005,72.87,2019-06-28
733,2006,72.98,2019-06-29
734,2007,73.08,2019-06-30
735,2008,73.18,2019-07-01
736,2009,73.24,2019-07-02
737,2010,,2019-07-03
738,2011,,2019-07-04
739,2012,,2019-07-05
740,2013,75.81,2019-07-06
741,2014,,2019-07-07
742,2015,,2019-07-08
743,2016,75.76,2019-07-09
744,2017,,2019-07-10
745,2018,,2019-07-11
746,2019,,2019-07-12
747,2020,75.85,2019-07-13
748,2021,75.95,2019-07-14
749,2022,76.08,2019-07-15
750,2023,76.15,2019-07-16
751,2024,,2019-07-17
752,2025,76.23,2019-07-18
753,2026,,2019-07-19
754,2027,,2019-07-20
755,2028,,2019-07-21
756,2029,,2019-07-22
757,2030,76.29,2019-07-23
758,2031,,2019-07-24
759,2032,76.23,2019-07-25
760,2033,76.17,2019-07-26
761,2034,76.11,2019-07-27
762,2035,76.01,2019-07-28
763,2036,75.85,2019-07-29
764,2037,75.71,2019-07-30
765,2038,,2019-07-31
766,2039,75.65,2019-08-01
767,2040,75.48,2019-08-02
768,2041,75.41,2019-08-03
769,2042,75.3,2019-08-04
770,2043,75.14,2019-08-05
771,2044,75.05,2019-08-06
772,2045,,2019-08-07
773,2046,75.0,2019-08-08
774,2047,74.84,2019-08-09
775,2048,,2019-08-10
776,2049,74.74,2019-08-11
777,2050,,2019-08-12
778,2051,,2019-08-13
779,2052,,2019-08-14
780,2053,,2019-08-15
781,2054,,2019-08-16
782,2055,,2019-08-17
783,2056,74.66,2019-08-18
784,2057,74.59,2019-08-19
785,2058,,2019-08-20
786,2059,,2019-08-21
787,2060,,2019-08-22
788,2061,,2019-08-23
789,2062,74.67,2019-08-24
790,2063,74.74,2019-08-25
791,2064,74.83,2019-08-26
792,2065,,2019-08-27
793,2066,,2019-08-28
794,2067,74.77,2019-08-29
795,2068,,2019-08-30
796,2069,,2019-08-31
797,2070,,2019-09-01
798,2071,,2019-09-02
799,2072,,2019-09-03
800,2073,,2019-09-04
801,2074,74.74,2019-09-05
802,2075,74.64,2019-09-06
803,2076,74.55,2019-09-07
804,2077,74.48,2019-09-08
805,2078,,2019-09-09
806,2079,74.54,2019-09-10
807,2080,,2019-09-11
808,2081,74.6,2019-09-12
809,2082,74.67,2019-09-13
810,2083,74.76,2019-09-14
811,2084,74.82,2019-09-15
812,2085,,2019-09-16
813,2086,74.97,2019-09-17
814,2087,75.23,2019-09-18
815,2088,75.54,2019-09-19
816,2089,75.9,2019-09-20
817,2090,76.21,2019-09-21
818,2091,76.49,2019-09-22
819,2092,76.8,2019-09-23
820,2093,77.03,2019-09-24
821,2094,,2019-09-25
822,2095,77.09,2019-09-26
823,2096,77.25,2019-09-27
824,2097,,2019-09-28
825,2098,,2019-09-29
826,2099,77.34,2019-09-30
827,2100,77.56,2019-10-01
828,2101,,2019-10-02
829,2102,77.46,2019-10-03
830,2103,77.27,2019-10-04
831,2104,76.96,2019-10-05
832,2105,,2019-10-06
833,2106,76.67,2019-10-07
834,2107,76.49,2019-10-08
835,2108,,2019-10-09
836,2109,76.44,2019-10-10
837,2110,76.31,2019-10-11
838,2111,76.21,2019-10-12
839,2112,,2019-10-13
840,2113,,2019-10-14
841,2114,76.16,2019-10-15
842,2115,,2019-10-16
843,2116,,2019-10-17
844,2117,,2019-10-18
845,2118,76.15,2019-10-19
846,2119,,2019-10-20
847,2120,,2019-10-21
848,2121,76.1,2019-10-22
849,2122,,2019-10-23
850,2123,76.05,2019-10-24
851,2124,75.93,2019-10-25
852,2125,75.85,2019-10-26
853,2126,,2019-10-27
854,2127,,2019-10-28
855,2128,75.78,2019-10-29
856,2129,,2019-10-30
857,2130,,2019-10-31
858,2131,75.78,2019-11-01
859,2132,75.66,2019-11-01
860,2133,75.58,2019-11-02
861,2134,75.53,2019-11-03
862,2135,75.44,2019-11-04
863,2136,75.39,2019-11-05
864,2137,,2019-11-06
865,2138,,2019-11-07
866,2139,75.49,2019-11-08
867,2140,75.65,2019-11-09
868,2141,75.86,2019-11-10
869,2142,76.02,2019-11-11
870,2143,,2019-11-12
871,2144,76.12,2019-11-13
872,2145,76.28,2019-11-14
873,2146,76.47,2019-11-15
874,2147,76.62,2019-11-16
875,2148,76.74,2019-11-17
876,2149,76.91,2019-11-18
877,2150,77.07,2019-11-19
878,2151,,2019-11-20
879,2152,,2019-11-21
880,2153,77.23,2019-11-22
881,2154,77.32,2019-11-23
882,2155,77.43,2019-11-24
883,2156,77.56,2019-11-25
884,2157,77.66,2019-11-26
885,2158,,2019-11-27
886,2159,,2019-11-28
887,2160,77.71,2019-11-29
888,2161,77.763,2019-11-30
889,2162,77.89,2019-12-01
890,2163,,2019-12-02
891,2164,,2019-12-03
892,2165,,2019-12-04
893,2166,,2019-12-05
894,2167,,2019-12-06
895,2168,77.8,2019-12-07
896,2169,77.89,2019-12-08
897,2170,77.94,2019-12-09
898,2171,77.95,2019-12-10
899,2172,,2019-12-11
900,2173,77.9,2019-12-12
901,2174,77.84,2019-12-13
902,2175,77.79,2019-12-14
903,2176,77.68,2019-12-15
904,2177,77.63,2019-12-16
905,2178,77.58,2019-12-17
906,2179,,2019-12-18
907,2180,77.56,2019-12-19
908,2181,,2019-12-20
909,2182,,2019-12-21
910,2183,,2019-12-22
911,2184,,2019-12-23
912,2185,,2019-12-24
913,2186,,2019-12-25
914,2187,77.62,2019-12-26
915,2188,77.68,2019-12-27
916,2189,,2019-12-28
917,2190,77.83,2019-12-29
918,2191,78.0,2019-12-30
919,2192,78.1,2019-12-31
920,2193,,2020-01-01
921,2194,78.24,2020-01-02
922,2195,78.34,2020-01-03
923,2196,78.44,2020-01-04
924,2197,78.54,2020-01-05
925,2198,78.7,2020-01-06
926,2199,78.85,2020-01-07
927,2200,78.75,2020-01-08
928,2201,78.83,2020-01-09
929,2202,78.98,2020-01-10
930,2203,79.04,2020-01-11
931,2204,78.94,2020-01-12
932,2205,78.82,2020-01-13
933,2206,78.72,2020-01-14
934,2207,,2020-01-15
935,2208,78.55,2020-01-16
936,2209,78.41,2020-01-17
937,2210,78.25,2020-01-18
938,2211,78.07,2020-01-19
939,2212,77.95,2020-01-20
940,2213,77.79,2020-01-21
941,2214,,2020-01-22
942,2215,77.61,2020-01-23
943,2216,77.39,2020-01-24
944,2217,77.14,2020-01-25
945,2218,76.84,2020-01-26
946,2219,76.62,2020-01-27
947,2220,76.5,2020-01-28
948,2221,,2020-01-29
949,2222,76.26,2020-01-30
950,2223,76.15,2020-01-31
951,2224,76.01,2020-02-01
952,2225,75.91,2020-02-02
953,2226,75.85,2020-02-03
954,2227,75.8,2020-02-04
955,2228,,2020-02-05
956,2229,75.69,2020-02-06
957,2230,75.47,2020-02-07
958,2231,75.23,2020-02-08
959,2232,75.0,2020-02-09
960,2233,74.86,2020-02-10
961,2234,74.69,2020-02-11
962,2235,,2020-02-12
963,2236,,2020-02-13
964,2237,,2020-02-14
965,2238,,2020-02-15
966,2239,,2020-02-16
967,2240,,2020-02-17
968,2241,74.64,2020-02-18
969,2242,,2020-02-19
970,2243,,2020-02-20
971,2244,,2020-02-21
972,2245,,2020-02-22
973,2246,,2020-02-23
974,2247,74.77,2020-02-24
975,2248,,2020-02-25
976,2249,,2020-02-26
977,2250,74.71,2020-02-27
978,2251,,2020-02-28
979,2252,74.64,2020-02-29
980,2253,74.49,2020-03-01
981,2254,74.26,2020-03-02
982,2255,74.21,2020-03-03
983,2256,,2020-03-04
984,2257,74.05,2020-03-05
985,2258,73.89,2020-03-06
986,2259,73.76,2020-03-07
987,2260,73.56,2020-03-08
988,2261,73.31,2020-03-09
989,2262,73.01,2020-03-10
990,2263,,2020-03-11
991,2264,72.84,2020-03-12
992,2265,72.69,2020-03-13
993,2266,72.56,2020-03-14
994,2267,72.43,2020-03-15
995,2268,72.26,2020-03-16
996,2269,,2020-03-17
997,2270,,2020-03-18
998,2271,,2020-03-19
999,2272,,2020-03-20
1000,2273,,2020-03-21
1001,2274,,2020-03-22
1002,2275,,2020-03-23
1003,2276,,2020-03-24
1004,2277,,2020-03-25
1005,2278,,2020-03-26
1006,2279,,2020-03-27
1007,2280,,2020-03-28
1008,2281,,2020-03-29
1009,2282,,2020-03-30
1010,2283,,2020-03-31
1011,2284,,2020-04-01
1012,2285,,2020-04-02
1013,2286,,2020-04-03
1014,2287,,2020-04-04
1015,2288,,2020-04-05
1016,2289,,2020-04-06
1017,2290,,2020-04-07
1018,2291,,2020-04-08
1019,2292,,2020-04-09
1020,2293,,2020-04-10
1021,2294,,2020-04-11
1022,2295,,2020-04-12
1023,2296,,2020-04-13
1024,2297,,2020-04-14
1025,2298,,2020-04-15
1026,2299,,2020-04-16
1027,2300,,2020-04-17
1028,2301,,2020-04-18
1029,2302,,2020-04-19
1030,2303,,2020-04-20
1031,2304,,2020-04-21
1032,2305,,2020-04-22
1033,2306,,2020-04-23
1034,2307,,2020-04-24
1035,2308,,2020-04-25
1036,2309,,2020-04-26
1037,2310,,2020-04-27
1038,2311,,2020-04-28
1039,2312,,2020-04-29
1040,2313,,2020-04-30
1041,2314,,2020-05-01
1042,2315,,2020-05-02
1043,2316,,2020-05-03
1044,2317,,2020-05-04
1045,2318,75.52,2020-05-05
1046,2319,,2020-05-06
1047,2320,,2020-05-07
1048,2321,,2020-05-08
1049,2322,,2020-05-09
1050,2323,,2020-05-10
1051,2324,,2020-05-11
1052,2325,,2020-05-12
1053,2326,,2020-05-13
1054,2327,,2020-05-14
1055,2328,,2020-05-15
1056,2329,,2020-05-16
1057,2330,,2020-05-17
1058,2331,,2020-05-18
1059,2332,,2020-05-19
1060,2333,,2020-05-20
1061,2334,,2020-05-21
1062,2335,,2020-05-22
1063,2336,,2020-05-23
1064,2337,,2020-05-24
1065,2338,,2020-05-25
1066,2339,,2020-05-26
1067,2340,,2020-05-27
1068,2341,,2020-05-28
1069,2342,,2020-05-29
1070,2343,,2020-05-30
1071,2344,,2020-05-31
1072,2345,,2020-06-01
1073,2346,,2020-06-02
1074,2347,,2020-06-03
1075,2348,,2020-06-04
1076,2349,,2020-06-05
1077,2350,,2020-06-06
1078,2351,76.12,2020-06-07
1079,2352,76.72,2020-06-08
1080,2353,77.26,2020-06-09
1081,2354,77.66,2020-06-10
1082,2355,78.26,2020-06-11
1083,2356,78.86,2020-06-12
1084,2357,79.46,2020-06-13
1085,2358,80.06,2020-06-14
1086,2359,79.94,2020-06-15
1087,2360,80.35,2020-06-16
1088,2361,80.84,2020-06-17
1089,2362,81.31,2020-06-18
1090,2363,81.8,2020-06-19
1091,2364,82.25,2020-06-20
1092,2365,82.56,2020-06-21
1093,2366,82.85,2020-06-22
1094,2367,83.02,2020-06-23
1095,2368,,2020-06-24
1096,2369,83.16,2020-06-25
1097,2370,83.35,2020-06-26
1098,2371,83.57,2020-06-27
1099,2372,,2020-06-28
1100,2373,83.62,2020-06-29
1101,2374,,2020-06-30
1102,2375,,2020-07-01
1103,2376,,2020-07-02
1104,2377,,2020-07-03
1105,2378,,2020-07-04
1106,2379,,2020-07-05
1107,2380,,2020-07-06
1108,2381,,2020-07-07
1109,2382,,2020-07-08
1110,2383,,2020-07-09
1111,2384,,2020-07-10
1112,2385,,2020-07-11
1113,2386,,2020-07-12
1114,2387,,2020-07-13
1115,2388,,2020-07-14
1116,2389,,2020-07-15
1117,2390,,2020-07-16
1118,2391,,2020-07-17
1119,2392,,2020-07-18
1120,2393,,2020-07-19
1121,2394,,2020-07-20
1122,2395,,2020-07-21
1123,2396,,2020-07-22
1124,2397,,2020-07-23
1125,2398,,2020-07-24
1126,2399,,2020-07-25
1127,2400,,2020-07-26
1128,2401,,2020-07-27
1129,2402,,2020-07-28
1130,2403,,2020-07-29
1131,2404,,2020-07-30
1132,2405,,2020-07-31
1133,2406,,2020-08-01
1134,2407,,2020-08-02
1135,2408,,2020-08-03
1136,2409,,2020-08-04
1137,2410,,2020-08-05
1138,2411,,2020-08-06
1139,2412,,2020-08-07
1140,2413,,2020-08-08
1141,2414,,2020-08-09
1142,2415,,2020-08-10
1143,2416,,2020-08-11
1144,2417,,2020-08-12
1145,2418,,2020-08-13
1146,2419,,2020-08-14
1147,2420,,2020-08-15
1148,2421,83.77,2020-08-16
1149,2422,83.91,2020-08-17
1150,2423,84.05,2020-08-18
1151,2424,,2020-08-19
1152,2425,84.14,2020-08-20
1153,2426,84.31,2020-08-21
1154,2427,84.45,2020-08-22
1155,2428,84.57,2020-08-23
1156,2429,84.69,2020-08-24
1157,2430,84.78,2020-08-25
1158,2431,,2020-08-26
1159,2432,84.87,2020-08-27
1160,2433,84.96,2020-08-28
1161,2434,,2020-08-29
1162,2435,85.05,2020-08-30
1163,2436,,2020-08-31
1164,2437,85.09,2020-09-01
1165,2438,,2020-09-02
1166,2439,,2020-09-03
1167,2440,,2020-09-04
1168,2441,,2020-09-05
1169,2442,,2020-09-06
1170,2443,,2020-09-07
1171,2444,,2020-09-08
1172,2445,,2020-09-09
1173,2446,85.01,2020-09-10
1174,2447,,2020-09-11
1175,2448,84.9,2020-09-12
1176,2449,,2020-09-13
1177,2450,84.78,2020-09-14
1178,2451,84.63,2020-09-15
1179,2452,,2020-09-16
1180,2453,84.49,2020-09-17
1181,2454,84.26,2020-09-18
1182,2455,,2020-09-19
1183,2456,,2020-09-20
1184,2457,,2020-09-21
1185,2458,84.19,2020-09-22
1186,2459,,2020-09-23
1187,2460,,2020-09-24
1188,2461,,2020-09-25
1189,2462,,2020-09-26
1190,2463,,2020-09-27
1191,2464,,2020-09-28
1192,2465,,2020-09-29
1193,2466,,2020-09-30
1194,2467,,2020-10-01
1195,2468,,2020-10-02
1196,2469,,2020-10-03
1197,2470,,2020-10-04
1198,2471,,2020-10-05
1199,2472,,2020-10-06
1200,2473,,2020-10-07
1201,2474,,2020-10-08
1202,2475,,2020-10-09
1203,2476,,2020-10-10
1204,2477,,2020-10-11
1205,2478,,2020-10-12
1206,2479,,2020-10-13
1207,2480,,2020-10-14
1208,2481,,2020-10-15
1209,2482,,2020-10-16
1210,2483,,2020-10-17
1211,2484,,2020-10-18
1212,2485,,2020-10-19
1213,2486,,2020-10-20
1214,2487,,2020-10-21
1215,2488,,2020-10-22
1216,2489,,2020-10-23
1217,2490,,2020-10-24
1218,2491,,2020-10-25
1219,2492,,2020-10-26
1220,2493,,2020-10-27
1221,2494,,2020-10-28
1222,2495,,2020-10-29
1223,2496,,2020-10-30
1224,2497,,2020-10-31
1225,2498,,2020-11-01
1226,2499,,2020-11-02
1227,2500,,2020-11-03
1228,2501,,2020-11-04
1229,2502,,2020-11-05
1230,2503,,2020-11-06
1231,2504,,2020-11-07
1232,2505,,2020-11-08
1233,2506,,2020-11-09
1234,2507,,2020-11-10
1235,2508,,2020-11-11
1236,2509,,2020-11-12
1237,2510,,2020-11-13
1238,2511,,2020-11-14
1239,2512,,2020-11-15
1240,2513,,2020-11-16
1241,2514,,2020-11-17
1242,2515,,2020-11-18
1243,2516,,2020-11-19
1244,2517,84.33,2020-11-20
1245,2518,84.45,2020-11-21
1246,2519,84.49,2020-11-22
1247,2520,84.56,2020-11-23
1248,2521,84.61,2020-11-24
1249,2522,,2020-11-25
1250,2523,84.71,2020-11-26
1251,2524,84.87,2020-11-27
1252,2525,85.08,2020-11-28
1253,2526,85.27,2020-11-29
1254,2527,,2020-11-30
1255,2528,,2020-12-01
1256,2529,85.4,2020-12-02
1257,2530,85.55,2020-12-03
1258,2531,85.73,2020-12-04
1259,2532,85.97,2020-12-05
1260,2533,86.21,2020-12-06
1261,2534,86.48,2020-12-07
1262,2535,,2020-12-08
1263,2536,,2020-12-09
1264,2537,,2020-12-10
1265,2538,,2020-12-11
1266,2539,,2020-12-12
1267,2540,,2020-12-13
1268,2541,,2020-12-14
1269,2542,,2020-12-15
1270,2543,,2020-12-16
1271,2544,,2020-12-17
1272,2545,,2020-12-18
1273,2546,,2020-12-19
1274,2547,,2020-12-20
1275,2548,,2020-12-21
1276,2549,,2020-12-22
1277,2550,,2020-12-23
1278,2551,,2020-12-24
1279,2552,,2020-12-25
1280,2553,,2020-12-26
1281,2554,,2020-12-27
1282,2555,,2020-12-28
1283,2556,,2020-12-29
1284,2557,,2020-12-30
1285,2558,,2020-12-31
1286,2559,,2021-01-01
1287,2560,,2021-01-02
1288,2561,,2021-01-03
1289,2562,,2021-01-04
1290,2563,,2021-01-05
1291,2564,86.73,2021-01-06
1292,2565,86.95,2021-01-07
1293,2566,,2021-01-08
1294,2567,,2021-01-09
1295,2568,,2021-01-10
1296,2569,,2021-01-11
1297,2570,,2021-01-12
1298,2571,87.17,2021-01-13
1299,2572,87.39,2021-01-14
1300,2573,,2021-01-15
1301,2574,,2021-01-16
1302,2575,,2021-01-17
1303,2576,87.61,2021-01-18
1304,2577,87.83,2021-01-19
1305,2578,,2021-01-20
1306,2579,,2021-01-21
1307,2580,88.05,2021-01-22
1308,2581,88.27,2021-01-23
1309,2582,,2021-01-24
1310,2583,,2021-01-25
1311,2584,88.58,2021-01-26
1312,2585,88.8,2021-01-27
1313,2586,,2021-01-28
1314,2587,,2021-01-29
1315,2588,,2021-01-30
1316,2589,,2021-01-31
1317,2590,,2021-02-01
1318,2591,,2021-02-02
1319,2592,,2021-02-03
1320,2593,89.11,2021-02-04
1321,2594,89.37,2021-02-05
1322,2595,,2021-02-06
1323,2596,,2021-02-07
1324,2597,,2021-02-08
1325,2598,89.68,2021-02-09
1326,2599,89.95,2021-02-10
1327,2600,90.17,2021-02-11
1328,2601,90.42,2021-02-12
1329,2602,90.69,2021-02-13
1330,2603,90.94,2021-02-14
1331,2604,91.17,2021-02-15
1332,2605,91.44,2021-02-16
1333,2606,91.66,2021-02-17
1334,2607,91.96,2021-02-18
1335,2608,92.23,2021-02-19
1336,2609,92.58,2021-02-20
1337,2610,,2021-02-21
1338,2611,,2021-02-22
1339,2612,92.88,2021-02-23
1340,2613,,2021-02-24
1341,2614,,2021-02-25
1342,2615,,2021-02-26
1343,2616,93.1,2021-02-27
1344,2617,,2021-02-28
1345,2618,,2021-03-01
1346,2619,,2021-03-02
1347,2620,,2021-03-03
1348,2621,,2021-03-04
1349,2622,,2021-03-05
1350,2623,,2021-03-06
1351,2624,,2021-03-07
1352,2625,,2021-03-08
1353,2626,,2021-03-09
1354,2627,,2021-03-10
1355,2628,,2021-03-11
1356,2629,,2021-03-12
1357,2630,,2021-03-13
1358,2631,,2021-03-14
1359,2632,,2021-03-15
1360,2633,,2021-03-16
1361,2634,,2021-03-17
1362,2635,,2021-03-18
1363,2636,,2021-03-19
1364,2637,,2021-03-20
1365,2638,,2021-03-21
1366,2639,,2021-03-22
1367,2640,,2021-03-23
1368,2641,92.94,2021-03-24
1369,2642,92.75,2021-03-25
1370,2643,,2021-03-26
1371,2644,,2021-03-27
1372,2645,,2021-03-28
1373,2646,,2021-03-29
1374,2647,92.56,2021-03-30
1375,2648,,2021-03-31
1376,2649,,2021-04-01
1377,2650,,2021-04-02
1378,2651,,2021-04-03
1379,2652,,2021-04-04
1380,2653,,2021-04-05
1381,2654,,2021-04-06
1382,2655,,2021-04-07
1383,2656,,2021-04-08
1384,2657,,2021-04-09
1385,2658,,2021-04-10
1386,2659,,2021-04-11
1387,2660,,2021-04-12
1388,2661,,2021-04-13
1389,2662,,2021-04-14
1390,2663,92.42,2021-04-15
1391,2664,,2021-04-16
1392,2665,,2021-04-17
1393,2666,,2021-04-18
1394,2667,,2021-04-19
1395,2668,,2021-04-20
1396,2669,,2021-04-21
1397,2670,,2021-04-22
1398,2671,,2021-04-23
1399,2672,,2021-04-24
1400,2673,,2021-04-25
1401,2674,,2021-04-26
1402,2675,,2021-04-27
1403,2676,,2021-04-28
1404,2677,,2021-04-29
1405,2678,,2021-04-30
1406,2679,,2021-05-01
1407,2680,,2021-05-02
1408,2681,,2021-05-03
1409,2682,92.57,2021-05-04
1410,2683,92.73,2021-05-05
1411,2684,92.95,2021-05-06
1412,2685,93.2,2021-05-07
1413,2686,,2021-05-08
1414,2687,,2021-05-09
1415,2688,93.43,2021-05-10
1416,2689,93.67,2021-05-11
1417,2690,93.89,2021-05-12
1418,2691,,2021-05-13
1419,2692,94.15,2021-05-14
1420,2693,,2021-05-15
1421,2694,94.36,2021-05-16
1422,2695,,2021-05-17
1423,2696,94.6,2021-05-18
1424,2697,,2021-05-19
1425,2698,,2021-05-20
1426,2699,94.76,2021-05-21
1427,2700,,2021-05-22
1428,2701,94.91,2021-05-23
1429,2702,,2021-05-24
1430,2703,95.12,2021-05-25
1431,2704,,2021-05-26
1432,2705,95.33,2021-05-27
1433,2706,,2021-05-28
1434,2707,95.56,2021-05-29
1435,2708,,2021-05-30
1436,2709,95.81,2021-05-31
1437,2710,96.04,2021-06-01
1438,2711,,2021-06-02
1439,2712,,2021-06-03
1440,2713,96.28,2021-06-04
1441,2714,,2021-06-05
1442,2715,96.52,2021-06-06
1443,2716,96.77,2021-06-07
1444,2717,,2021-06-08
1445,2718,96.99,2021-06-09
1446,2719,,2021-06-10
1447,2720,97.24,2021-06-11
1448,2721,97.48,2021-06-12
1449,2722,,2021-06-13
1450,2723,97.74,2021-06-14
1451,2724,,2021-06-15
1452,2725,97.96,2021-06-16
1453,2726,,2021-06-17
1454,2727,98.2,2021-06-18
1455,2728,,2021-06-19
1456,2729,98.45,2021-06-20
1457,2730,,2021-06-21
1458,2731,98.7,2021-06-22
1459,2732,,2021-06-23
1460,2733,98.93,2021-06-24
1461,2734,,2021-06-25
1462,2735,99.24,2021-06-26
1463,2736,99.55,2021-06-27
1464,2737,,2021-06-28
1465,2738,99.85,2021-06-29
1466,2739,,2021-06-30
1467,2740,,2021-07-01
1468,2741,100.18,2021-07-02
1469,2742,,2021-07-03
1470,2743,100.49,2021-07-04
1471,2744,100.8,2021-07-05
1472,2745,,2021-07-06
1473,2746,101.11,2021-07-07
1474,2747,101.42,2021-07-08
1475,2748,,2021-07-09
1476,2749,101.73,2021-07-10
1477,2750,,2021-07-11
1478,2751,101.97,2021-07-12
1479,2752,,2021-07-13
1480,2753,,2021-07-14
1481,2754,102.28,2021-07-15
1482,2755,,2021-07-16
1483,2756,102.55,2021-07-17
1484,2757,,2021-07-18
1485,2758,,2021-07-19
1486,2759,,2021-07-20
1487,2760,,2021-07-21
1488,2761,,2021-07-22
1489,2762,,2021-07-23
1490,2763,,2021-07-24
1491,2764,,2021-07-25
1492,2765,,2021-07-26
1493,2766,,2021-07-27
1494,2767,,2021-07-28
1495,2768,,2021-07-29
1496,2769,,2021-07-30
1497,2770,,2021-07-31
1498,2771,,2021-08-01
1499,2772,,2021-08-02
1500,2773,,2021-08-03
1501,2774,102.55,2021-08-04
1502,2775,102.55,2021-08-05
1503,2776,102.55,2021-08-06
1504,2777,102.55,2021-08-07
1505,2778,102.55,2021-08-08
1506,2779,102.55,2021-08-09
1507,2780,102.55,2021-08-10
1508,2781,102.55,2021-08-11
1509,2782,102.55,2021-08-12
1510,2783,102.55,2021-08-13
1511,2784,102.55,2021-08-14
1512,2785,102.55,2021-08-15
1513,2786,102.55,2021-08-16
1514,2787,102.55,2021-08-17
1515,2788,102.55,2021-08-18
1516,2789,99.53,2021-08-19
1517,2790,99.53,2021-08-20
1518,2791,99.53,2021-08-21
1519,2792,99.37,2021-08-22
1520,2793,99.37,2021-08-23
1521,2794,99.25,2021-08-24
1522,2795,99.25,2021-08-25
1523,2796,99.25,2021-08-26
1524,2797,99.25,2021-08-27
1525,2798,99.25,2021-08-28
1526,2799,99.25,2021-08-29
1527,2800,99.25,2021-08-30
1528,2801,99.25,2021-08-31
1529,2802,99.11,2021-09-01
1530,2803,99.11,2021-09-02
1531,2804,99.11,2021-09-03
1532,2805,,2021-09-04
1533,2806,98.97,2021-09-05
1534,2807,98.97,2021-09-06
1535,2808,98.97,2021-09-07
1536,2809,98.97,2021-09-08
1537,2810,98.97,2021-09-09
1538,2811,98.97,2021-09-10
1539,2812,98.97,2021-09-11
1540,2813,98.97,2021-09-12
1541,2814,98.97,2021-09-13
1542,2815,98.97,2021-09-14
1543,2816,98.97,2021-09-15
1544,2817,98.97,2021-09-16
1545,2818,98.97,2021-09-17
1546,2819,98.97,2021-09-18
1547,2820,98.97,2021-09-19
1548,2821,98.97,2021-09-20
1549,2822,98.97,2021-09-21
1550,2823,98.97,2021-09-22
1551,2824,98.97,2021-09-23
1552,2825,98.97,2021-09-24
1553,2826,98.97,2021-09-25
1554,2827,98.97,2021-09-26
1555,2828,98.97,2021-09-27
1556,2829,99.14,2021-09-28
1557,2830,99.14,2021-09-29
1558,2831,99.34,2021-09-30
1559,2832,99.55,2021-10-01
1560,2833,99.76,2021-10-02
1561,2834,99.98,2021-10-03
1562,2835,99.98,2021-10-04
1563,2836,100.2,2021-10-05
1564,2837,100.46,2021-10-06
1565,2838,100.72,2021-10-07
1566,2839,100.98,2021-10-08
1567,2840,101.24,2021-10-09
1568,2841,101.5,2021-10-10
1569,2842,101.76,2021-10-11
1570,2843,101.76,2021-10-12
1571,2844,101.76,2021-10-13
1572,2845,102.06,2021-10-14
1573,2846,102.36,2021-10-15
1574,2847,,2021-10-16
1575,2848,,2021-10-17
1576,2849,102.97,2021-10-18
1577,2850,102.97,2021-10-19
1578,2851,103.27,2021-10-20
1579,2852,103.58,2021-10-21
1580,2853,103.88,2021-10-22
1581,2854,104.19,2021-10-23
1582,2855,104.49,2021-10-24
1583,2856,104.49,2021-10-25
1584,2857,104.49,2021-10-26
1585,2858,104.79,2021-10-27
1586,2859,105.1,2021-10-28
1587,2860,105.4,2021-10-29
1588,2861,105.7,2021-10-30
1589,2862,106.01,2021-10-31
1590,2863,106.33,2021-11-01
1591,2864,106.65,2021-11-02
1592,2865,106.65,2021-11-03
1593,2866,101.38,2021-11-04
1594,2867,101.38,2021-11-05
1595,2868,101.38,2021-11-06
1596,2869,101.38,2021-11-07
1597,2870,101.38,2021-11-08
1598,2871,101.38,2021-11-09
1599,2872,101.38,2021-11-10
1600,2873,101.38,2021-11-11
1601,2874,101.38,2021-11-12
1602,2875,101.38,2021-11-13
1603,2876,101.38,2021-11-14
1604,2877,101.38,2021-11-15
1605,2878,101.38,2021-11-16
1606,2879,101.38,2021-11-17
1607,2880,101.38,2021-11-18
1608,2881,101.38,2021-11-19
1609,2882,101.38,2021-11-20
1610,2883,101.38,2021-11-21
1611,2884,101.38,2021-11-22
1612,2885,101.38,2021-11-23
1613,2886,101.38,2021-11-24
1614,2887,101.38,2021-11-25
1615,2888,101.38,2021-11-26
1616,2889,101.38,2021-11-27
1617,2890,101.38,2021-11-28
1618,2891,101.38,2021-11-29
1619,2892,101.38,2021-11-30
1620,2893,,2021-12-01
1621,2894,101.38,2021-12-02
1622,2895,101.38,2021-12-03
1623,2896,101.38,2021-12-04
1624,2897,101.38,2021-12-05
1625,2898,101.38,2021-12-06
1626,2899,101.38,2021-12-07
1627,2900,101.38,2021-12-08
1628,2901,101.38,2021-12-09
1629,2902,101.38,2021-12-10
1630,2903,101.38,2021-12-11
1631,2904,101.38,2021-12-12
1632,2905,101.38,2021-12-13
1633,2906,101.38,2021-12-14
1634,2907,101.38,2021-12-15
1635,2908,101.38,2021-12-16
1636,2909,101.38,2021-12-17
1637,2910,101.38,2021-12-18
1638,2911,101.38,2021-12-19
1639,2912,101.38,2021-12-20
1640,2913,101.38,2021-12-21
1641,2914,101.38,2021-12-22
1642,2915,101.38,2021-12-23
1643,2916,101.38,2021-12-24
1644,2917,101.38,2021-12-25
1645,2918,101.38,2021-12-26
1646,2919,101.38,2021-12-27
1647,2920,101.38,2021-12-28
1648,2921,101.38,2021-12-29
1649,2922,101.38,2021-12-30
1650,2923,101.38,2021-12-31
1651,2924,101.38,2022-01-01
1652,2925,101.38,2022-01-02
1653,2926,101.38,2022-01-03
1654,2927,101.38,2022-01-04
1655,2928,101.38,2022-01-05
1656,2929,101.38,2022-01-06
1657,2930,101.38,2022-01-07
1658,2931,101.38,2022-01-08
1659,2932,101.38,2022-01-09
1660,2933,101.38,2022-01-10
1661,2934,101.38,2022-01-11
1662,2935,101.38,2022-01-12
1663,2936,101.38,2022-01-13
1664,2937,101.38,2022-01-14
1665,2938,101.38,2022-01-15
1666,2939,101.38,2022-01-16
1667,2940,101.38,2022-01-17
1668,2941,101.38,2022-01-18
1669,2942,101.38,2022-01-19
1670,2943,101.38,2022-01-20
1671,2944,101.38,2022-01-21
1672,2945,101.38,2022-01-22
1673,2946,101.38,2022-01-23
1674,2947,101.38,2022-01-24
1675,2948,101.38,2022-01-25
1676,2949,101.38,2022-01-26
1677,2950,101.38,2022-01-27
1678,2951,101.38,2022-01-28
1679,2952,101.38,2022-01-29
1680,2953,101.38,2022-01-30
1681,2954,101.38,2022-01-31
1682,2955,101.38,2022-02-01
1683,2956,101.38,2022-02-02
1684,2957,101.38,2022-02-03
1685,2958,101.38,2022-02-04
1686,2959,101.38,2022-02-05
1687,2960,101.38,2022-02-06
1688,2961,101.38,2022-02-07
1689,2962,101.38,2022-02-08
1690,2963,101.38,2022-02-09
1691,2964,101.38,2022-02-10
1692,2965,101.38,2022-02-11
1693,2966,101.38,2022-02-12
1694,2967,101.38,2022-02-13
1695,2968,101.38,2022-02-14
1696,2969,101.38,2022-02-15
1697,2970,101.38,2022-02-16
1698,2971,101.38,2022-02-17
1699,2972,101.38,2022-02-18
1700,2973,101.38,2022-02-19
1701,2974,101.38,2022-02-20
1702,2975,101.38,2022-02-21
1703,2976,101.38,2022-02-22
1704,2977,101.38,2022-02-23
1705,2978,101.38,2022-02-24
1706,2979,101.38,2022-02-25
1707,2980,101.38,2022-02-26
1708,2981,101.38,2022-02-27
1709,2982,101.38,2022-02-28
1710,2983,101.38,2022-03-01
1711,2984,101.38,2022-03-02
1712,2985,101.38,2022-03-03
1713,2986,101.38,2022-03-04
1714,2987,101.38,2022-03-05
1715,2988,101.38,2022-03-06
1716,2989,101.38,2022-03-07
1717,2990,101.38,2022-03-08
1718,2991,101.38,2022-03-09
1719,2992,101.38,2022-03-10
1720,2993,101.38,2022-03-11
1721,2994,101.38,2022-03-12
1722,2995,101.38,2022-03-13
1723,2996,101.38,2022-03-14
1724,2997,101.38,2022-03-15
1725,2998,101.38,2022-03-16
1726,2999,101.38,2022-03-17
1727,3000,101.38,2022-03-18
1728,3001,101.38,2022-03-19
1729,3002,101.38,2022-03-20
1730,3003,101.38,2022-03-21
1731,3004,102.14,2022-03-22
1732,3005,102.9,2022-03-23
1733,3006,102.9,2022-03-24
1734,3007,103.65,2022-03-25
1735,3008,104.41,2022-03-26
1736,3009,104.88,2022-03-27
1737,3010,105.16,2022-03-28
1738,3011,105.92,2022-03-29
1739,3012,106.68,2022-03-30
1740,3013,107.43,2022-03-31
1741,3014,107.43,2022-04-01
1742,3015,108.19,2022-04-02
1743,3016,108.94,2022-04-03
1744,3017,109.32,2022-04-04
1745,3018,110.08,2022-04-05
1746,3019,110.83,2022-04-06
1747,3020,110.83,2022-04-07
1748,3021,110.83,2022-04-08
1749,3022,110.83,2022-04-09
1750,3023,110.83,2022-04-10
1751,3024,110.83,2022-04-11
1752,3025,110.83,2022-04-12
1753,3026,110.83,2022-04-13
1754,3027,110.83,2022-04-14
1755,3028,110.83,2022-04-15
1756,3029,110.83,2022-04-16
1757,3030,110.83,2022-04-17
1758,3031,110.83,2022-04-18
1759,3032,110.83,2022-04-19
1760,3033,110.83,2022-04-20
1761,3034,110.83,2022-04-21
1762,3035,110.83,2022-04-22
1763,3036,110.83,2022-04-23
1764,3037,110.83,2022-04-24
1765,3038,110.83,2022-04-25
1766,3039,110.83,2022-04-26
1767,3040,110.83,2022-04-27
1768,3041,110.83,2022-04-28
1769,3042,110.83,2022-04-29
1770,3043,110.83,2022-04-30
1771,3044,110.83,2022-05-01
1772,3045,110.83,2022-05-02
1773,3046,110.83,2022-05-03
1774,3047,110.83,2022-05-04
1775,3048,110.83,2022-05-05
1776,3049,110.83,2022-05-06
1777,3050,110.83,2022-05-07
1778,3051,110.83,2022-05-08
1779,3052,110.83,2022-05-09
1780,3053,110.83,2022-05-10
1781,3054,110.83,2022-05-11
1782,3055,110.83,2022-05-12
1783,3056,110.83,2022-05-13
1784,3057,110.83,2022-05-14
1785,3058,110.83,2022-05-15
1786,3059,110.83,2022-05-16
1787,3060,110.83,2022-05-17
1788,3061,110.83,2022-05-18
1789,3062,110.83,2022-05-19
1790,3063,110.83,2022-05-20
1791,3064,110.83,2022-05-21
1792,3065,102.62,2022-05-22
1793,3066,102.62,2022-05-23
1794,3067,102.62,2022-05-24
1795,3068,102.62,2022-05-25
1796,3069,102.62,2022-05-26
1797,3070,102.62,2022-05-27
1798,3071,102.62,2022-05-28
1799,3072,102.62,2022-05-29
1800,3073,102.62,2022-05-30
1801,3074,102.62,2022-05-31
1802,3075,102.62,2022-06-01
1803,3076,102.62,2022-06-02
1804,3077,102.62,2022-06-03
1805,3078,102.62,2022-06-04
1806,3079,102.62,2022-06-05
1807,3080,102.62,2022-06-06
1808,3081,102.62,2022-06-07
1809,3082,102.62,2022-06-08
1810,3083,102.62,2022-06-09
1811,3084,102.62,2022-06-10
1812,3085,102.62,2022-06-11
1813,3086,102.62,2022-06-12
1814,3087,102.62,2022-06-13
1815,3088,102.62,2022-06-14
1816,3089,102.62,2022-06-15
1817,3090,102.62,2022-06-16
1818,3091,102.62,2022-06-17
1819,3092,102.62,2022-06-18
1820,3093,102.62,2022-06-19
1821,3094,102.62,2022-06-20
1822,3095,102.62,2022-06-21
1823,3096,102.62,2022-06-22
1824,3097,102.62,2022-06-23
1825,3098,102.62,2022-06-24
1826,3099,102.62,2022-06-25
1827,3100,102.62,2022-06-26
1828,3101,102.62,2022-06-27
1829,3102,102.62,2022-06-28
1830,3103,102.62,2022-06-29
1831,3104,102.62,2022-06-30
1832,3105,102.62,2022-07-01
1833,3106,102.62,2022-07-02
1834,3107,102.62,2022-07-03
1835,3108,102.62,2022-07-04
1836,3109,102.62,2022-07-05
1837,3110,102.62,2022-07-06
1838,3111,102.62,2022-07-07
1839,3112,102.62,2022-07-08
1840,3113,102.62,2022-07-09
1841,3114,102.62,2022-07-10
1842,3115,102.62,2022-07-11
1843,3116,102.62,2022-07-12
1844,3117,102.62,2022-07-13
1845,3118,102.62,2022-07-14
1846,3119,102.62,2022-07-15
1847,3120,102.62,2022-07-16
1848,3121,102.62,2022-07-17
1849,3122,102.62,2022-07-18
1850,3123,102.62,2022-07-19
1851,3124,102.62,2022-07-20
1852,3125,102.62,2022-07-21
1853,3126,102.62,2022-07-22
1854,3127,102.62,2022-07-23
1855,3128,102.62,2022-07-24
1856,3129,102.62,2022-07-25
1857,3130,102.62,2022-07-26
1858,3131,102.62,2022-07-27
1859,3132,102.62,2022-07-28
1860,3133,102.62,2022-07-29
