,price,date,city,rate
0,105.0,2014-01-01,,
1,105.0,2014-01-02,,
2,105.0,2014-01-03,,
3,105.0,2014-01-04,Chennai,75.71
4,105.0,2014-01-05,,
5,105.0,2014-01-06,,
6,105.0,2014-01-07,,
7,105.0,2014-01-08,,
8,105.0,2014-01-09,,
9,105.0,2014-01-10,,
10,105.0,2014-01-11,,
11,105.0,2014-01-12,,
12,105.0,2014-01-13,,
13,105.0,2014-01-14,,
14,105.0,2014-01-15,,
15,105.0,2014-01-16,,
16,105.0,2014-01-17,,
17,105.0,2014-01-18,,
18,105.0,2014-01-19,,
19,105.0,2014-01-20,,
20,104.75,2014-01-21,,
21,104.5,2014-01-22,,
22,104.25,2014-01-23,,
23,104.0,2014-01-24,,
24,104.0,2014-01-25,,
25,104.0,2014-01-26,,
26,104.0,2014-01-27,,
27,104.0,2014-01-28,,
28,104.0,2014-01-29,,
29,104.0,2014-01-30,,
30,104.0,2014-01-31,,
31,104.0,2014-02-01,,
32,104.0,2014-02-02,,
33,104.0,2014-02-03,,
34,104.0,2014-02-04,,
35,104.0,2014-02-05,,
36,104.0,2014-02-06,,
37,104.0,2014-02-07,,
38,104.0,2014-02-08,,
39,104.0,2014-02-09,,
40,104.0,2014-02-10,,
41,104.0,2014-02-11,,
42,104.0,2014-02-12,,
43,104.0,2014-02-13,,
44,104.0,2014-02-14,,
45,104.0,2014-02-15,,
46,104.0,2014-02-16,,
47,104.0,2014-02-17,,
48,103.0,2014-02-18,,
49,103.0,2014-02-19,,
50,103.0,2014-02-20,,
51,103.0,2014-02-21,,
52,103.0,2014-02-22,,
53,103.0,2014-02-23,,
54,103.0,2014-02-24,,
55,103.0,2014-02-25,,
56,103.0,2014-02-26,,
57,103.0,2014-02-27,,
58,103.0,2014-02-28,,
59,103.0,2014-03-01,Chennai,76.48
60,103.0,2014-03-02,,
61,103.0,2014-03-03,,
62,104.0,2014-03-04,,
63,104.0,2014-03-05,,
64,104.0,2014-03-06,,
65,106.0,2014-03-07,,
66,106.0,2014-03-08,,
67,106.0,2014-03-09,,
68,106.0,2014-03-10,,
69,106.0,2014-03-11,,
70,104.0,2014-03-12,,
71,104.0,2014-03-13,,
72,104.0,2014-03-14,,
73,104.0,2014-03-15,,
74,104.0,2014-03-16,,
75,104.0,2014-03-17,,
76,104.0,2014-03-18,,
77,102.0,2014-03-19,,
78,102.0,2014-03-20,,
79,102.0,2014-03-21,,
80,102.0,2014-03-22,,
81,102.0,2014-03-23,,
82,102.0,2014-03-24,,
83,102.0,2014-03-25,,
84,102.0,2014-03-26,,
85,102.0,2014-03-27,,
86,102.0,2014-03-28,,
87,102.0,2014-03-29,,
88,102.0,2014-03-30,,
89,102.0,2014-03-31,,
90,102.0,2014-04-01,Chennai,75.49
91,102.0,2014-04-02,,
92,103.0,2014-04-03,,
93,103.0,2014-04-04,,
94,103.0,2014-04-05,,
95,103.0,2014-04-06,,
96,103.0,2014-04-07,,
97,103.0,2014-04-08,,
98,103.0,2014-04-09,,
99,103.0,2014-04-10,,
100,103.0,2014-04-11,,
101,103.0,2014-04-12,,
102,103.0,2014-04-13,,
103,103.0,2014-04-14,,
104,103.0,2014-04-15,,
105,103.0,2014-04-16,Chennai,74.6
106,103.0,2014-04-17,,
107,103.0,2014-04-18,,
108,103.0,2014-04-19,,
109,103.0,2014-04-20,,
110,103.0,2014-04-21,,
111,103.0,2014-04-22,,
112,103.0,2014-04-23,,
113,103.0,2014-04-24,,
114,103.0,2014-04-25,,
115,103.0,2014-04-26,,
116,103.0,2014-04-27,,
117,103.0,2014-04-28,,
118,103.0,2014-04-29,,
119,103.0,2014-04-30,,
120,103.0,2014-05-01,,
121,103.0,2014-05-02,,
122,103.0,2014-05-03,,
123,103.0,2014-05-04,,
124,103.0,2014-05-05,,
125,103.0,2014-05-06,,
126,103.0,2014-05-07,,
127,103.0,2014-05-08,,
128,103.0,2014-05-09,,
129,103.0,2014-05-10,,
130,103.0,2014-05-11,,
131,103.0,2014-05-12,,
132,103.0,2014-05-13,,
133,103.0,2014-05-14,,
134,103.0,2014-05-15,,
135,103.0,2014-05-16,,
136,103.0,2014-05-17,,
137,103.0,2014-05-18,,
138,103.0,2014-05-19,,
139,103.0,2014-05-20,,
140,103.0,2014-05-21,,
141,103.0,2014-05-22,,
142,103.0,2014-05-23,,
143,103.0,2014-05-24,,
144,103.0,2014-05-25,,
145,103.0,2014-05-26,,
146,103.0,2014-05-27,,
147,102.0,2014-05-28,,
148,102.0,2014-05-29,,
149,102.0,2014-05-30,,
150,102.0,2014-05-31,,
151,102.0,2014-06-01,,
152,102.0,2014-06-02,,
153,102.0,2014-06-03,,
154,102.0,2014-06-04,,
155,102.0,2014-06-05,,
156,102.0,2014-06-06,,
157,102.0,2014-06-07,Chennai,74.71
158,102.0,2014-06-08,,
159,102.0,2014-06-09,,
160,102.0,2014-06-10,,
161,102.0,2014-06-11,,
162,102.0,2014-06-12,,
163,102.0,2014-06-13,,
164,102.0,2014-06-14,,
165,102.0,2014-06-15,,
166,102.0,2014-06-16,,
167,100.0,2014-06-17,,
168,100.0,2014-06-18,,
169,100.0,2014-06-19,,
170,100.0,2014-06-20,,
171,100.0,2014-06-21,,
172,100.0,2014-06-22,,
173,100.0,2014-06-23,,
174,100.0,2014-06-24,,
175,100.0,2014-06-25,Chennai,74.76
176,100.0,2014-06-26,,
177,100.0,2014-06-27,,
178,100.0,2014-06-28,,
179,100.0,2014-06-29,,
180,100.0,2014-06-30,,
181,100.0,2014-07-01,Chennai,76.93
182,100.0,2014-07-02,,
183,100.0,2014-07-03,,
184,100.0,2014-07-04,,
185,100.0,2014-07-05,,
186,100.0,2014-07-06,,
187,100.0,2014-07-07,,
188,100.0,2014-07-08,,
189,100.0,2014-07-09,,
190,100.0,2014-07-10,,
191,100.0,2014-07-11,,
192,100.0,2014-07-12,,
193,100.0,2014-07-13,,
194,100.0,2014-07-14,,
195,100.0,2014-07-15,,
196,100.0,2014-07-16,,
197,100.0,2014-07-17,,
198,100.0,2014-07-18,,
199,100.0,2014-07-19,,
200,100.0,2014-07-20,,
201,100.0,2014-07-21,,
202,98.0,2014-07-22,,
203,98.0,2014-07-23,,
204,98.0,2014-07-24,,
205,98.0,2014-07-25,,
206,98.0,2014-07-26,,
207,98.0,2014-07-27,,
208,98.0,2014-07-28,,
209,98.0,2014-07-29,,
210,98.0,2014-07-30,,
211,98.0,2014-07-31,,
212,98.0,2014-08-01,Chennai,75.78
213,98.0,2014-08-02,,
214,98.0,2014-08-03,,
215,98.0,2014-08-04,,
216,98.0,2014-08-05,,
217,98.0,2014-08-06,,
218,98.0,2014-08-07,,
219,98.0,2014-08-08,,
220,98.0,2014-08-09,,
221,98.0,2014-08-10,,
222,98.0,2014-08-11,,
223,98.0,2014-08-12,,
224,98.0,2014-08-13,,
225,98.0,2014-08-14,,
226,98.0,2014-08-15,Chennai,73.47
227,98.0,2014-08-16,,
228,98.0,2014-08-17,,
229,98.0,2014-08-18,,
230,98.0,2014-08-19,,
231,98.0,2014-08-20,,
232,98.0,2014-08-21,,
233,98.0,2014-08-22,,
234,98.0,2014-08-23,,
235,98.0,2014-08-24,,
236,98.0,2014-08-25,,
237,104.0,2014-08-26,,
238,105.0,2014-08-27,,
239,105.0,2014-08-28,,
240,105.0,2014-08-29,,
241,105.0,2014-08-30,,
242,105.0,2014-08-31,Chennai,71.55
243,105.0,2014-09-01,,
244,105.0,2014-09-02,,
245,105.0,2014-09-03,,
246,105.0,2014-09-04,,
247,105.0,2014-09-05,,
248,105.33333333333333,2014-09-06,,
249,105.66666666666667,2014-09-07,,
250,106.0,2014-09-08,,
251,104.0,2014-09-09,,
252,104.0,2014-09-10,,
253,104.0,2014-09-11,,
254,104.0,2014-09-12,,
255,104.33333333333333,2014-09-13,,
256,104.66666666666667,2014-09-14,,
257,105.0,2014-09-15,,
258,105.0,2014-09-16,,
259,105.0,2014-09-17,,
260,105.0,2014-09-18,,
261,105.0,2014-09-19,,
262,105.0,2014-09-20,,
263,105.0,2014-09-21,,
264,105.0,2014-09-22,,
265,105.0,2014-09-23,,
266,105.0,2014-09-24,,
267,105.0,2014-09-25,,
268,105.0,2014-09-26,,
269,105.0,2014-09-27,,
270,105.0,2014-09-28,,
271,105.0,2014-09-29,,
272,105.0,2014-09-30,,
273,105.0,2014-10-01,Chennai,70.87
274,105.0,2014-10-02,,
275,105.0,2014-10-03,,
276,105.0,2014-10-04,,
277,105.0,2014-10-05,,
278,105.0,2014-10-06,,
279,105.0,2014-10-07,,
280,105.0,2014-10-08,,
281,105.0,2014-10-09,,
282,105.0,2014-10-10,,
283,105.0,2014-10-11,,
284,105.0,2014-10-12,,
285,105.0,2014-10-13,,
286,105.0,2014-10-14,,
287,105.0,2014-10-15,Chennai,69.59
288,105.0,2014-10-16,,
289,105.0,2014-10-17,,
290,105.0,2014-10-18,,
291,105.0,2014-10-19,,
292,105.0,2014-10-20,,
293,105.0,2014-10-21,,
294,104.66666666666667,2014-10-22,,
295,104.33333333333333,2014-10-23,,
296,104.0,2014-10-24,,
297,104.0,2014-10-25,,
298,104.0,2014-10-26,,
299,104.0,2014-10-27,,
300,104.0,2014-10-28,,
301,104.0,2014-10-29,,
302,104.0,2014-10-30,,
303,104.0,2014-10-31,,
304,104.0,2014-11-01,Chennai,67.01
305,104.0,2014-11-02,,
306,104.0,2014-11-03,,
307,104.0,2014-11-04,,
308,104.0,2014-11-05,,
309,104.0,2014-11-06,,
310,104.0,2014-11-07,,
311,104.0,2014-11-08,,
312,104.0,2014-11-09,,
313,104.0,2014-11-10,,
314,104.0,2014-11-11,,
315,104.0,2014-11-12,,
316,104.0,2014-11-13,,
317,104.0,2014-11-14,,
318,104.0,2014-11-15,,
319,104.0,2014-11-16,,
320,104.0,2014-11-17,,
321,104.0,2014-11-18,,
322,104.0,2014-11-19,,
323,104.0,2014-11-20,,
324,104.0,2014-11-21,,
325,104.0,2014-11-22,,
326,104.0,2014-11-23,,
327,104.0,2014-11-24,,
328,104.0,2014-11-25,,
329,104.0,2014-11-26,,
330,104.0,2014-11-27,,
331,104.0,2014-11-28,,
332,104.0,2014-11-29,,
333,104.0,2014-11-30,,
334,104.0,2014-12-01,Chennai,66.05
335,104.0,2014-12-02,,
336,104.0,2014-12-03,,
337,104.0,2014-12-04,,
338,104.0,2014-12-05,,
339,104.0,2014-12-06,,
340,104.0,2014-12-07,,
341,104.0,2014-12-08,,
342,104.0,2014-12-09,,
343,104.0,2014-12-10,,
344,101.0,2014-12-11,,
345,101.0,2014-12-12,,
346,101.0,2014-12-13,,
347,101.0,2014-12-14,,
348,101.0,2014-12-15,,
349,101.0,2014-12-16,Chennai,63.94
350,101.0,2014-12-17,,
351,101.0,2014-12-18,,
352,101.0,2014-12-19,,
353,101.0,2014-12-20,,
354,101.0,2014-12-21,,
355,101.0,2014-12-22,,
356,101.0,2014-12-23,,
357,101.0,2014-12-24,,
358,101.0,2014-12-25,,
359,101.0,2014-12-26,,
360,101.0,2014-12-27,,
361,101.0,2014-12-28,,
362,101.0,2014-12-29,,
363,101.0,2014-12-30,,
364,101.0,2014-12-31,,
365,102.5,2015-01-01,,
366,104.0,2015-01-02,,
367,104.0,2015-01-03,,
368,104.0,2015-01-04,,
369,104.0,2015-01-05,,
370,103.0,2015-01-06,,
371,103.0,2015-01-07,,
372,103.0,2015-01-08,,
373,103.0,2015-01-09,,
374,103.0,2015-01-10,,
375,103.0,2015-01-11,,
376,103.0,2015-01-12,,
377,103.0,2015-01-13,,
378,103.0,2015-01-14,,
379,103.0,2015-01-15,,
380,103.0,2015-01-16,,
381,103.0,2015-01-17,Chennai,61.38
382,103.0,2015-01-18,,
383,103.0,2015-01-19,,
384,103.0,2015-01-20,,
385,109.0,2015-01-21,,
386,109.0,2015-01-22,,
387,109.0,2015-01-23,,
388,109.0,2015-01-24,,
389,109.0,2015-01-25,,
390,109.0,2015-01-26,,
391,109.0,2015-01-27,,
392,109.0,2015-01-28,,
393,109.0,2015-01-29,,
394,109.0,2015-01-30,,
395,109.0,2015-01-31,,
396,109.0,2015-02-01,,
397,109.0,2015-02-02,,
398,109.0,2015-02-03,,
399,109.0,2015-02-04,Chennai,58.88
400,109.0,2015-02-05,,
401,109.0,2015-02-06,,
402,109.0,2015-02-07,,
403,109.0,2015-02-08,,
404,109.0,2015-02-09,,
405,109.0,2015-02-10,,
406,109.0,2015-02-11,,
407,109.0,2015-02-12,,
408,109.0,2015-02-13,,
409,109.0,2015-02-14,,
410,109.0,2015-02-15,,
411,109.0,2015-02-16,Chennai,59.85
412,109.0,2015-02-17,,
413,109.0,2015-02-18,,
414,109.0,2015-02-19,,
415,109.0,2015-02-20,,
416,109.0,2015-02-21,,
417,109.0,2015-02-22,,
418,109.0,2015-02-23,,
419,109.0,2015-02-24,,
420,109.0,2015-02-25,,
421,109.0,2015-02-26,,
422,109.0,2015-02-27,,
423,109.0,2015-02-28,,
424,109.0,2015-03-01,Chennai,63.31
425,109.0,2015-03-02,,
426,109.0,2015-03-03,,
427,109.0,2015-03-04,,
428,109.0,2015-03-05,,
429,109.0,2015-03-06,,
430,109.0,2015-03-07,,
431,109.0,2015-03-08,,
432,109.0,2015-03-09,,
433,109.0,2015-03-10,,
434,109.0,2015-03-11,,
435,109.0,2015-03-12,,
436,109.0,2015-03-13,,
437,109.0,2015-03-14,,
438,109.0,2015-03-15,,
439,109.0,2015-03-16,,
440,109.0,2015-03-17,,
441,109.0,2015-03-18,,
442,109.0,2015-03-19,,
443,109.0,2015-03-20,,
444,109.0,2015-03-21,,
445,109.0,2015-03-22,,
446,109.0,2015-03-23,,
447,109.0,2015-03-24,,
448,109.0,2015-03-25,,
449,109.0,2015-03-26,,
450,109.0,2015-03-27,,
451,109.0,2015-03-28,,
452,109.0,2015-03-29,,
453,109.0,2015-03-30,,
454,109.0,2015-03-31,,
455,109.0,2015-04-01,,
456,109.0,2015-04-02,Chennai,62.75
457,109.0,2015-04-03,,
458,109.0,2015-04-04,,
459,109.0,2015-04-05,,
460,109.0,2015-04-06,,
461,109.0,2015-04-07,,
462,109.0,2015-04-08,,
463,109.0,2015-04-09,,
464,109.0,2015-04-10,,
465,109.0,2015-04-11,,
466,109.0,2015-04-12,,
467,109.0,2015-04-13,,
468,109.66666666666667,2015-04-14,,
469,110.33333333333333,2015-04-15,Chennai,61.9
470,111.0,2015-04-16,,
471,111.0,2015-04-17,,
472,111.0,2015-04-18,,
473,111.0,2015-04-19,,
474,111.0,2015-04-20,,
475,112.0,2015-04-21,,
476,112.0,2015-04-22,,
477,112.0,2015-04-23,,
478,112.0,2015-04-24,,
479,112.0,2015-04-25,,
480,112.0,2015-04-26,,
481,112.0,2015-04-27,,
482,112.0,2015-04-28,,
483,113.0,2015-04-29,,
484,113.0,2015-04-30,,
485,113.33333333333333,2015-05-01,Chennai,68.08
486,113.66666666666667,2015-05-02,,
487,114.0,2015-05-03,,
488,114.33333333333333,2015-05-04,,
489,114.66666666666667,2015-05-05,,
490,115.0,2015-05-06,,
491,115.0,2015-05-07,,
492,115.0,2015-05-08,,
493,115.0,2015-05-09,,
494,115.0,2015-05-10,,
495,115.0,2015-05-11,,
496,115.0,2015-05-12,,
497,116.0,2015-05-13,,
498,116.0,2015-05-14,,
499,116.0,2015-05-15,,
500,116.0,2015-05-16,Chennai,69.45
501,116.0,2015-05-17,,
502,116.0,2015-05-18,,
503,116.0,2015-05-19,,
504,116.0,2015-05-20,,
505,116.0,2015-05-21,,
506,116.0,2015-05-22,,
507,116.0,2015-05-23,,
508,116.0,2015-05-24,,
509,116.0,2015-05-25,,
510,118.0,2015-05-26,,
511,118.0,2015-05-27,,
512,118.0,2015-05-28,,
513,118.0,2015-05-29,,
514,118.0,2015-05-30,,
515,118.0,2015-05-31,,
516,118.0,2015-06-01,,
517,118.0,2015-06-02,,
518,123.0,2015-06-03,,
519,123.0,2015-06-04,,
520,123.0,2015-06-05,,
521,123.0,2015-06-06,,
522,123.0,2015-06-07,,
523,123.0,2015-06-08,,
524,123.0,2015-06-09,,
525,123.0,2015-06-10,,
526,123.0,2015-06-11,,
527,123.0,2015-06-12,,
528,123.0,2015-06-13,,
529,123.0,2015-06-14,,
530,123.0,2015-06-15,,
531,123.0,2015-06-16,Chennai,70.12
532,122.0,2015-06-17,,
533,122.0,2015-06-18,,
534,122.0,2015-06-19,,
535,122.0,2015-06-20,,
536,122.0,2015-06-21,,
537,122.0,2015-06-22,,
538,122.0,2015-06-23,,
539,122.0,2015-06-24,,
540,122.0,2015-06-25,,
541,122.0,2015-06-26,,
542,122.0,2015-06-27,,
543,122.0,2015-06-28,,
544,122.0,2015-06-29,,
545,122.0,2015-06-30,,
546,122.0,2015-07-01,Chennai,69.84
547,122.0,2015-07-01,Chennai,69.84
548,122.0,2015-07-02,,
549,122.0,2015-07-03,,
550,122.0,2015-07-04,,
551,122.0,2015-07-05,,
552,122.0,2015-07-06,,
553,122.0,2015-07-07,,
554,122.0,2015-07-08,,
555,122.0,2015-07-09,,
556,122.0,2015-07-10,,
557,122.0,2015-07-11,,
558,122.0,2015-07-12,,
559,122.0,2015-07-13,,
560,122.0,2015-07-14,,
561,123.0,2015-07-15,Chennai,67.29
562,123.0,2015-07-16,,
563,123.0,2015-07-17,,
564,123.0,2015-07-18,,
565,123.0,2015-07-19,,
566,123.0,2015-07-20,,
567,123.0,2015-07-21,,
568,125.0,2015-07-22,,
569,125.0,2015-07-23,,
570,125.0,2015-07-24,,
571,125.0,2015-07-25,,
572,125.0,2015-07-26,,
573,125.0,2015-07-27,,
574,123.0,2015-07-28,,
575,124.0,2015-07-29,,
576,124.0,2015-07-30,,
577,124.0,2015-07-31,,
578,124.0,2015-08-01,Chennai,64.77
579,124.0,2015-08-02,,
580,124.0,2015-08-03,,
581,124.0,2015-08-04,,
582,124.0,2015-08-05,,
583,124.0,2015-08-06,,
584,124.0,2015-08-07,,
585,124.0,2015-08-08,,
586,124.0,2015-08-09,,
587,124.0,2015-08-10,,
588,124.0,2015-08-11,,
589,124.0,2015-08-12,,
590,124.0,2015-08-13,,
591,124.0,2015-08-14,,
592,124.0,2015-08-15,Chennai,63.49
593,124.0,2015-08-16,,
594,124.0,2015-08-17,,
595,124.0,2015-08-18,,
596,124.0,2015-08-19,,
597,124.0,2015-08-20,,
598,124.0,2015-08-21,,
599,124.0,2015-08-22,,
600,124.0,2015-08-23,,
601,124.0,2015-08-24,,
602,124.0,2015-08-25,,
603,124.0,2015-08-26,,
604,124.0,2015-08-27,,
605,124.0,2015-08-28,,
606,124.0,2015-08-29,,
607,124.0,2015-08-30,,
608,124.0,2015-08-31,,
609,124.0,2015-09-01,Chennai,61.46
610,124.0,2015-09-02,,
611,124.0,2015-09-03,,
612,124.0,2015-09-04,,
613,124.0,2015-09-05,,
614,124.0,2015-09-06,,
615,124.0,2015-09-07,,
616,124.0,2015-09-08,,
617,124.0,2015-09-09,,
618,124.0,2015-09-10,,
619,124.0,2015-09-11,,
620,124.33333333333333,2015-09-12,,
621,124.66666666666667,2015-09-13,,
622,125.0,2015-09-14,,
623,125.0,2015-09-15,,
624,125.0,2015-09-16,,
625,125.0,2015-09-17,,
626,125.0,2015-09-18,,
627,125.0,2015-09-19,,
628,125.0,2015-09-20,,
629,125.0,2015-09-21,,
630,125.0,2015-09-22,,
631,124.0,2015-09-23,,
632,124.0,2015-09-24,,
633,124.0,2015-09-25,,
634,124.0,2015-09-26,,
635,124.0,2015-09-27,,
636,124.0,2015-09-28,,
637,124.0,2015-09-29,,
638,124.0,2015-09-30,,
639,124.0,2015-10-01,,
640,124.0,2015-10-02,,
641,124.0,2015-10-03,,
642,124.0,2015-10-04,,
643,124.0,2015-10-05,,
644,124.0,2015-10-06,,
645,126.0,2015-10-07,,
646,126.0,2015-10-08,,
647,126.0,2015-10-09,,
648,126.0,2015-10-10,,
649,126.0,2015-10-11,,
650,126.0,2015-10-12,,
651,126.0,2015-10-13,,
652,125.0,2015-10-14,,
653,125.0,2015-10-15,,
654,125.0,2015-10-16,,
655,125.0,2015-10-17,,
656,125.0,2015-10-18,,
657,125.0,2015-10-19,,
658,125.0,2015-10-20,,
659,125.0,2015-10-21,,
660,125.0,2015-10-22,,
661,125.0,2015-10-23,,
662,125.0,2015-10-24,,
663,125.0,2015-10-25,,
664,125.0,2015-10-26,,
665,125.0,2015-10-27,,
666,125.0,2015-10-28,,
667,125.0,2015-10-29,,
668,125.0,2015-10-30,,
669,125.0,2015-10-31,,
670,125.0,2015-11-01,Chennai,61.02
671,125.0,2015-11-02,,
672,125.0,2015-11-03,,
673,125.0,2015-11-04,,
674,125.0,2015-11-05,,
675,125.0,2015-11-06,,
676,125.0,2015-11-07,,
677,131.0,2015-11-08,,
678,131.0,2015-11-09,,
679,131.0,2015-11-10,,
680,131.0,2015-11-11,,
681,126.0,2015-11-12,,
682,126.0,2015-11-13,,
683,126.0,2015-11-14,,
684,126.0,2015-11-15,,
685,126.0,2015-11-16,Chennai,61.38
686,126.0,2015-11-17,,
687,126.0,2015-11-18,,
688,126.0,2015-11-19,,
689,126.0,2015-11-20,,
690,126.0,2015-11-21,,
691,126.0,2015-11-22,,
692,126.0,2015-11-23,,
693,126.0,2015-11-24,,
694,126.0,2015-11-25,,
695,126.0,2015-11-26,,
696,126.0,2015-11-27,,
697,126.0,2015-11-28,,
698,126.0,2015-11-29,,
699,126.0,2015-11-30,,
700,126.0,2015-12-01,Chennai,60.8
701,126.0,2015-12-02,,
702,126.0,2015-12-03,,
703,126.0,2015-12-04,,
704,126.0,2015-12-05,,
705,126.0,2015-12-06,,
706,126.0,2015-12-07,,
707,126.0,2015-12-08,,
708,129.0,2015-12-09,,
709,129.0,2015-12-10,,
710,129.0,2015-12-11,,
711,129.0,2015-12-12,,
712,129.0,2015-12-13,,
713,129.0,2015-12-14,,
714,129.0,2015-12-15,,
715,129.0,2015-12-16,Chennai,60.28
716,129.0,2015-12-17,,
717,129.0,2015-12-18,,
718,129.0,2015-12-19,,
719,129.0,2015-12-20,,
720,129.0,2015-12-21,,
721,129.0,2015-12-22,,
722,129.0,2015-12-23,,
723,129.0,2015-12-24,,
724,129.0,2015-12-25,,
725,129.0,2015-12-26,,
726,129.0,2015-12-27,,
727,129.0,2015-12-28,,
728,129.0,2015-12-29,,
729,129.0,2015-12-30,,
730,129.0,2015-12-31,,
731,129.0,2016-01-01,Chennai,59.77
732,129.0,2016-01-02,,
733,129.0,2016-01-03,,
734,129.0,2016-01-04,,
735,129.0,2016-01-05,,
736,128.0,2016-01-06,,
737,127.0,2016-01-07,,
738,127.0,2016-01-08,,
739,127.0,2016-01-09,,
740,129.0,2016-01-10,,
741,127.0,2016-01-11,,
742,127.0,2016-01-12,,
743,127.0,2016-01-13,,
744,127.0,2016-01-14,,
745,127.0,2016-01-15,,
746,127.0,2016-01-16,Chennai,59.45
747,127.0,2016-01-17,,
748,127.0,2016-01-18,,
749,127.0,2016-01-19,,
750,127.0,2016-01-20,,
751,127.0,2016-01-21,,
752,127.0,2016-01-22,,
753,127.0,2016-01-23,,
754,127.0,2016-01-24,,
755,127.0,2016-01-25,,
756,127.0,2016-01-26,,
757,127.0,2016-01-27,,
758,127.0,2016-01-28,,
759,126.0,2016-01-29,,
760,124.0,2016-01-30,,
761,126.0,2016-01-31,,
762,126.0,2016-02-01,Chennai,59.42
763,124.0,2016-02-02,,
764,124.0,2016-02-03,,
765,124.0,2016-02-04,,
766,124.0,2016-02-05,,
767,124.0,2016-02-06,,
768,124.0,2016-02-07,,
769,124.0,2016-02-08,,
770,124.0,2016-02-09,,
771,124.0,2016-02-10,,
772,124.0,2016-02-11,,
773,124.0,2016-02-12,,
774,124.0,2016-02-13,,
775,124.0,2016-02-14,,
776,124.0,2016-02-15,,
777,124.0,2016-02-16,,
778,124.0,2016-02-17,Chennai,59.1
779,125.0,2016-02-18,,
780,125.0,2016-02-19,,
781,125.0,2016-02-20,,
782,125.0,2016-02-21,,
783,125.0,2016-02-22,,
784,125.0,2016-02-23,,
785,125.0,2016-02-24,,
786,125.0,2016-02-25,,
787,125.0,2016-02-26,,
788,124.0,2016-02-27,,
789,124.0,2016-02-28,,
790,125.0,2016-02-29,,
791,125.0,2016-03-01,Chennai,56.08
792,125.0,2016-03-02,,
793,125.0,2016-03-03,,
794,125.0,2016-03-04,,
795,125.0,2016-03-05,,
796,125.0,2016-03-06,,
797,125.0,2016-03-07,,
798,125.0,2016-03-08,,
799,125.0,2016-03-09,Chennai,56.07
800,125.0,2016-03-10,,
801,125.0,2016-03-11,,
802,125.0,2016-03-12,,
803,125.0,2016-03-13,,
804,125.0,2016-03-14,,
805,125.0,2016-03-15,,
806,125.0,2016-03-16,,
807,125.0,2016-03-17,Chennai,59.13
808,125.0,2016-03-18,,
809,124.0,2016-03-19,,
810,124.0,2016-03-20,,
811,125.0,2016-03-21,,
812,125.0,2016-03-22,,
813,126.0,2016-03-23,,
814,127.0,2016-03-24,,
815,127.0,2016-03-25,,
816,127.0,2016-03-26,,
817,127.0,2016-03-27,,
818,127.0,2016-03-28,,
819,129.0,2016-03-29,,
820,129.0,2016-03-30,,
821,129.0,2016-03-31,,
822,129.0,2016-04-01,,
823,129.0,2016-04-02,,
824,129.0,2016-04-03,,
825,129.0,2016-04-04,,
826,135.0,2016-04-05,Chennai,61.32
827,140.0,2016-04-06,,
828,140.0,2016-04-07,,
829,140.0,2016-04-08,,
830,140.0,2016-04-09,,
831,140.0,2016-04-10,,
832,140.0,2016-04-11,,
833,140.0,2016-04-12,,
834,140.0,2016-04-13,,
835,140.0,2016-04-14,,
836,140.0,2016-04-15,,
837,140.0,2016-04-16,Chennai,60.58
838,140.0,2016-04-17,,
839,140.0,2016-04-18,,
840,140.0,2016-04-19,,
841,140.0,2016-04-20,,
842,139.0,2016-04-21,,
843,139.0,2016-04-22,,
844,139.0,2016-04-23,,
845,139.0,2016-04-24,,
846,139.0,2016-04-25,,
847,139.0,2016-04-26,,
848,139.0,2016-04-27,,
849,139.0,2016-04-28,,
850,139.0,2016-04-29,,
851,139.0,2016-04-30,,
852,139.0,2016-05-01,Chennai,61.64
853,139.0,2016-05-02,,
854,139.0,2016-05-03,,
855,139.0,2016-05-04,,
856,139.0,2016-05-05,,
857,140.0,2016-05-06,,
858,140.0,2016-05-07,,
859,140.0,2016-05-08,,
860,140.0,2016-05-09,,
861,140.0,2016-05-10,,
862,140.0,2016-05-11,,
863,140.0,2016-05-12,,
864,140.0,2016-05-13,,
865,140.0,2016-05-14,,
866,140.0,2016-05-15,,
867,140.0,2016-05-16,,
868,140.0,2016-05-17,Chennai,62.47
869,140.0,2016-05-18,,
870,140.0,2016-05-19,,
871,141.0,2016-05-20,,
872,141.0,2016-05-21,,
873,141.0,2016-05-22,,
874,141.0,2016-05-23,,
875,141.0,2016-05-24,,
876,141.0,2016-05-25,,
877,141.0,2016-05-26,,
878,141.0,2016-05-27,,
879,141.0,2016-05-28,,
880,141.0,2016-05-29,,
881,141.0,2016-05-30,,
882,141.0,2016-05-31,,
883,141.0,2016-06-01,Chennai,65.04
884,141.0,2016-06-02,,
885,141.0,2016-06-03,,
886,141.0,2016-06-04,,
887,141.0,2016-06-05,,
888,141.0,2016-06-06,,
889,141.0,2016-06-07,,
890,141.0,2016-06-08,,
891,141.0,2016-06-09,,
892,141.0,2016-06-10,,
893,141.0,2016-06-11,,
894,141.0,2016-06-12,,
895,141.0,2016-06-13,,
896,141.0,2016-06-14,,
897,146.0,2016-06-15,,
898,146.0,2016-06-16,Chennai,65.15
899,146.0,2016-06-17,,
900,146.0,2016-06-18,,
901,145.0,2016-06-19,,
902,146.0,2016-06-20,,
903,147.0,2016-06-21,,
904,149.0,2016-06-22,,
905,149.0,2016-06-23,,
906,149.0,2016-06-24,,
907,149.0,2016-06-25,,
908,149.0,2016-06-26,,
909,149.0,2016-06-27,,
910,149.0,2016-06-28,,
911,149.0,2016-06-29,,
912,149.0,2016-06-30,,
913,148.0,2016-07-01,Chennai,64.24
914,148.0,2016-07-02,,
915,148.0,2016-07-03,,
916,148.0,2016-07-04,,
917,149.0,2016-07-05,,
918,149.0,2016-07-06,,
919,148.0,2016-07-07,,
920,149.0,2016-07-08,,
921,149.0,2016-07-09,,
922,149.0,2016-07-10,,
923,149.0,2016-07-11,,
924,149.0,2016-07-12,,
925,149.0,2016-07-13,,
926,149.0,2016-07-14,,
927,149.0,2016-07-15,Chennai,61.92
928,149.0,2016-07-16,,
929,149.0,2016-07-17,,
930,149.0,2016-07-18,,
931,149.0,2016-07-19,,
932,149.0,2016-07-20,,
933,148.0,2016-07-21,,
934,148.0,2016-07-22,,
935,148.0,2016-07-23,,
936,148.0,2016-07-24,,
937,148.0,2016-07-25,,
938,148.0,2016-07-26,,
939,148.0,2016-07-27,,
940,148.0,2016-07-28,,
941,148.0,2016-07-29,,
942,148.0,2016-07-30,,
943,148.0,2016-07-31,,
944,148.0,2016-08-01,Chennai,60.5
945,148.0,2016-08-02,,
946,148.0,2016-08-03,,
947,148.0,2016-08-04,,
948,148.0,2016-08-05,,
949,148.0,2016-08-06,,
950,148.0,2016-08-07,,
951,148.0,2016-08-08,,
952,148.0,2016-08-09,,
953,148.0,2016-08-10,,
954,148.0,2016-08-11,,
955,148.0,2016-08-12,,
956,148.0,2016-08-13,,
957,148.0,2016-08-14,,
958,148.0,2016-08-15,Chennai,59.5
959,148.0,2016-08-16,,
960,148.0,2016-08-17,,
961,148.0,2016-08-18,,
962,148.0,2016-08-19,,
963,148.0,2016-08-20,,
964,148.0,2016-08-21,,
965,148.0,2016-08-22,,
966,148.0,2016-08-23,,
967,148.0,2016-08-24,,
968,148.0,2016-08-25,,
969,148.0,2016-08-26,,
970,148.0,2016-08-27,,
971,148.0,2016-08-28,,
972,148.0,2016-08-29,,
973,148.0,2016-08-30,,
974,148.0,2016-08-31,,
975,148.0,2016-09-01,Chennai,62.88
976,148.0,2016-09-02,,
977,148.0,2016-09-03,,
978,148.0,2016-09-04,,
979,148.0,2016-09-05,,
980,148.0,2016-09-06,,
981,148.0,2016-09-07,,
982,148.0,2016-09-08,,
983,148.0,2016-09-09,,
984,148.0,2016-09-10,,
985,148.0,2016-09-11,,
986,148.0,2016-09-12,,
987,148.0,2016-09-13,,
988,148.0,2016-09-14,,
989,148.0,2016-09-15,Chennai,63.64
990,148.0,2016-09-16,,
991,148.0,2016-09-17,,
992,148.0,2016-09-18,,
993,148.0,2016-09-19,,
994,148.0,2016-09-20,,
995,148.0,2016-09-21,,
996,148.0,2016-09-22,,
997,149.0,2016-09-23,,
998,149.0,2016-09-24,,
999,149.0,2016-09-25,,
1000,149.0,2016-09-26,,
1001,149.0,2016-09-27,,
1002,149.0,2016-09-28,,
1003,148.0,2016-09-29,,
1004,148.0,2016-09-30,,
1005,148.0,2016-10-01,Chennai,64.01
1006,148.0,2016-10-02,,
1007,148.0,2016-10-03,,
1008,148.0,2016-10-04,,
1009,148.0,2016-10-05,Chennai,64.12
1010,148.0,2016-10-06,,
1011,148.0,2016-10-07,,
1012,148.0,2016-10-08,,
1013,148.0,2016-10-09,,
1014,148.0,2016-10-10,,
1015,148.0,2016-10-11,,
1016,148.0,2016-10-12,,
1017,148.0,2016-10-13,,
1018,148.0,2016-10-14,,
1019,148.0,2016-10-15,Chennai,65.85
1020,148.0,2016-10-16,,
1021,148.0,2016-10-17,,
1022,148.0,2016-10-18,,
1023,148.0,2016-10-19,,
1024,148.0,2016-10-20,,
1025,148.0,2016-10-21,,
1026,148.0,2016-10-22,,
1027,148.0,2016-10-23,,
1028,148.0,2016-10-24,,
1029,148.0,2016-10-25,,
1030,148.0,2016-10-26,,
1031,148.0,2016-10-27,,
1032,148.0,2016-10-28,,
1033,148.0,2016-10-29,,
1034,148.0,2016-10-30,,
1035,148.0,2016-10-31,,
1036,148.0,2016-11-01,,
1037,148.0,2016-11-02,,
1038,148.0,2016-11-03,,
1039,148.0,2016-11-04,,
1040,148.0,2016-11-05,,
1041,148.0,2016-11-06,Chennai,67.02
1042,148.0,2016-11-07,,
1043,147.0,2016-11-08,,
1044,147.0,2016-11-09,,
1045,147.0,2016-11-10,,
1046,147.0,2016-11-11,,
1047,147.0,2016-11-12,,
1048,147.0,2016-11-13,,
1049,147.0,2016-11-14,,
1050,147.0,2016-11-15,,
1051,147.0,2016-11-16,Chennai,65.3
1052,147.0,2016-11-17,,
1053,147.0,2016-11-18,,
1054,147.0,2016-11-19,,
1055,147.0,2016-11-20,,
1056,147.0,2016-11-21,,
1057,147.0,2016-11-22,,
1058,147.0,2016-11-23,,
1059,147.0,2016-11-24,,
1060,147.0,2016-11-25,,
1061,147.0,2016-11-26,,
1062,147.0,2016-11-27,,
1063,147.0,2016-11-28,,
1064,148.0,2016-11-29,,
1065,148.0,2016-11-30,,
1066,148.0,2016-12-01,Chennai,65.47
1067,148.0,2016-12-02,,
1068,148.0,2016-12-03,,
1069,148.0,2016-12-04,,
1070,148.0,2016-12-05,,
1071,148.0,2016-12-06,,
1072,148.0,2016-12-07,,
1073,148.0,2016-12-08,,
1074,148.0,2016-12-09,,
1075,148.0,2016-12-10,,
1076,148.0,2016-12-11,,
1077,148.0,2016-12-12,,
1078,148.0,2016-12-13,,
1079,148.0,2016-12-14,,
1080,148.0,2016-12-15,,
1081,149.0,2016-12-16,,
1082,149.0,2016-12-17,Chennai,68.31
1083,149.0,2016-12-18,,
1084,149.0,2016-12-19,,
1085,149.0,2016-12-20,,
1086,149.0,2016-12-21,,
1087,149.0,2016-12-22,,
1088,149.0,2016-12-23,,
1089,149.0,2016-12-24,,
1090,149.0,2016-12-25,,
1091,149.0,2016-12-26,,
1092,149.0,2016-12-27,,
1093,149.0,2016-12-28,,
1094,148.0,2016-12-29,,
1095,148.0,2016-12-30,,
1096,148.0,2016-12-31,,
1097,148.0,2017-01-01,Chennai,69.96
1098,148.0,2017-01-02,,
1099,148.0,2017-01-03,,
1100,148.0,2017-01-04,,
1101,148.0,2017-01-05,,
1102,148.0,2017-01-06,,
1103,148.0,2017-01-07,,
1104,148.0,2017-01-08,,
1105,148.0,2017-01-09,,
1106,148.0,2017-01-10,,
1107,143.0,2017-01-11,,
1108,143.0,2017-01-12,,
1109,142.0,2017-01-13,,
1110,142.0,2017-01-14,,
1111,142.0,2017-01-15,,
1112,142.0,2017-01-16,Chennai,70.5
1113,142.0,2017-01-17,,
1114,142.0,2017-01-18,,
1115,142.0,2017-01-19,,
1116,142.0,2017-01-20,,
1117,142.0,2017-01-21,,
1118,142.0,2017-01-22,,
1119,142.0,2017-01-23,,
1120,142.0,2017-01-24,,
1121,141.0,2017-01-25,,
1122,141.0,2017-01-26,,
1123,141.0,2017-01-27,,
1124,141.0,2017-01-28,,
1125,141.0,2017-01-29,,
1126,141.0,2017-01-30,,
1127,141.0,2017-01-31,,
1128,141.0,2017-02-01,,
1129,141.0,2017-02-02,,
1130,143.0,2017-02-03,,
1131,143.0,2017-02-04,,
1132,143.0,2017-02-05,,
1133,143.0,2017-02-06,,
1134,143.0,2017-02-07,,
1135,143.0,2017-02-08,,
1136,143.0,2017-02-09,,
1137,141.0,2017-02-10,,
1138,141.0,2017-02-11,,
1139,141.0,2017-02-12,,
1140,141.0,2017-02-13,,
1141,141.0,2017-02-14,,
1142,141.0,2017-02-15,,
1143,139.0,2017-02-16,,
1144,139.0,2017-02-17,,
1145,139.0,2017-02-18,,
1146,139.0,2017-02-19,,
1147,139.0,2017-02-20,,
1148,139.0,2017-02-21,,
1149,139.0,2017-02-22,,
1150,139.0,2017-02-23,,
1151,139.0,2017-02-24,,
1152,139.0,2017-02-25,,
1153,139.0,2017-02-26,,
1154,139.0,2017-02-27,,
1155,139.0,2017-02-28,,
1156,139.0,2017-03-01,,
1157,139.0,2017-03-02,,
1158,139.0,2017-03-03,,
1159,139.0,2017-03-04,,
1160,139.0,2017-03-05,,
1161,139.0,2017-03-06,,
1162,139.0,2017-03-07,Chennai,74.28
1163,138.0,2017-03-08,,
1164,138.0,2017-03-09,,
1165,138.0,2017-03-10,,
1166,138.0,2017-03-11,,
1167,138.0,2017-03-12,,
1168,138.0,2017-03-13,,
1169,138.0,2017-03-14,,
1170,138.0,2017-03-15,,
1171,138.0,2017-03-16,,
1172,138.0,2017-03-17,,
1173,138.0,2017-03-18,,
1174,138.0,2017-03-19,,
1175,138.0,2017-03-20,,
1176,138.0,2017-03-21,,
1177,138.0,2017-03-22,,
1178,138.0,2017-03-23,,
1179,138.0,2017-03-24,,
1180,138.0,2017-03-25,,
1181,138.0,2017-03-26,,
1182,138.0,2017-03-27,,
1183,138.0,2017-03-28,,
1184,138.0,2017-03-29,,
1185,138.0,2017-03-30,,
1186,138.0,2017-03-31,,
1187,138.0,2017-04-01,Chennai,69.17
1188,138.0,2017-04-02,,
1189,138.0,2017-04-03,,
1190,138.0,2017-04-04,,
1191,139.0,2017-04-05,,
1192,139.0,2017-04-06,,
1193,139.0,2017-04-07,,
1194,139.0,2017-04-08,,
1195,139.0,2017-04-09,,
1196,139.0,2017-04-10,,
1197,139.0,2017-04-11,,
1198,139.0,2017-04-12,,
1199,139.0,2017-04-13,,
1200,139.0,2017-04-14,,
1201,139.0,2017-04-15,,
1202,139.0,2017-04-16,Chennai,71.04
1203,139.0,2017-04-17,,
1204,139.0,2017-04-18,,
1205,140.0,2017-04-19,,
1206,140.0,2017-04-20,,
1207,140.0,2017-04-21,,
1208,140.0,2017-04-22,,
1209,140.0,2017-04-23,,
1210,140.0,2017-04-24,,
1211,140.0,2017-04-25,,
1212,140.0,2017-04-26,,
1213,140.0,2017-04-27,,
1214,140.0,2017-04-28,,
1215,140.0,2017-04-29,,
1216,140.0,2017-04-30,,
1217,140.0,2017-05-01,Chennai,71.07
1218,140.0,2017-05-02,,
1219,140.0,2017-05-03,,
1220,140.0,2017-05-04,,
1221,139.0,2017-05-05,,
1222,138.0,2017-05-06,,
1223,140.0,2017-05-07,,
1224,140.0,2017-05-08,,
1225,140.0,2017-05-09,,
1226,140.0,2017-05-10,,
1227,140.0,2017-05-11,,
1228,140.0,2017-05-12,,
1229,140.0,2017-05-13,,
1230,140.0,2017-05-14,,
1231,140.0,2017-05-15,,
1232,140.0,2017-05-16,Chennai,68.17
1233,140.0,2017-05-17,,
1234,140.0,2017-05-18,,
1235,140.0,2017-05-19,,
1236,140.0,2017-05-20,,
1237,140.0,2017-05-21,,
1238,140.0,2017-05-22,,
1239,140.0,2017-05-23,,
1240,140.0,2017-05-24,,
1241,140.0,2017-05-25,,
1242,140.0,2017-05-26,,
1243,140.0,2017-05-27,,
1244,140.0,2017-05-28,,
1245,140.0,2017-05-29,,
1246,140.0,2017-05-30,,
1247,140.0,2017-05-31,,
1248,140.0,2017-06-01,Chennai,69.84
1249,140.0,2017-06-02,,
1250,140.0,2017-06-03,,
1251,140.0,2017-06-04,,
1252,140.0,2017-06-05,,
1253,140.0,2017-06-06,,
1254,139.0,2017-06-07,,
1255,139.0,2017-06-08,,
1256,139.0,2017-06-09,,
1257,139.0,2017-06-10,,
1258,139.0,2017-06-11,,
1259,139.0,2017-06-12,,
1260,139.0,2017-06-13,,
1261,139.0,2017-06-14,,
1262,139.0,2017-06-15,,
1263,139.0,2017-06-16,Chennai,68.07
1264,139.0,2017-06-17,,
1265,139.0,2017-06-18,,
1266,139.0,2017-06-19,Chennai,67.19
1267,139.0,2017-06-20,Chennai,67.04
1268,139.0,2017-06-21,Chennai,67.09
1269,139.0,2017-06-22,Chennai,66.93
1270,139.0,2017-06-23,Chennai,66.7
1271,139.0,2017-06-24,,
1272,139.0,2017-06-25,,
1273,139.0,2017-06-26,Chennai,66.03
1274,139.0,2017-06-27,Chennai,65.89
1275,139.0,2017-06-28,Chennai,65.94
1276,138.0,2017-06-29,Chennai,65.9
1277,138.0,2017-06-30,Chennai,65.78
1278,138.0,2017-07-01,,
1279,138.0,2017-07-02,,
1280,138.0,2017-07-03,Chennai,65.56
1281,138.0,2017-07-04,Chennai,65.46
1282,138.0,2017-07-05,Chennai,65.5
1283,138.0,2017-07-06,Chennai,65.58
1284,138.0,2017-07-07,Chennai,65.72
1285,138.0,2017-07-08,,
1286,138.0,2017-07-09,,
1287,138.0,2017-07-10,Chennai,66.29
1288,138.0,2017-07-11,Chennai,66.38
1289,138.0,2017-07-12,Chennai,66.43
1290,138.0,2017-07-13,Chennai,66.36
1291,137.0,2017-07-14,Chennai,66.34
1292,137.0,2017-07-15,,
1293,137.0,2017-07-16,,
1294,137.0,2017-07-17,Chennai,66.66
1295,137.0,2017-07-18,Chennai,66.67
1296,137.0,2017-07-19,Chennai,66.72
1297,134.0,2017-07-20,Chennai,66.77
1298,134.0,2017-07-21,Chennai,66.75
1299,134.0,2017-07-22,,
1300,134.0,2017-07-23,,
1301,134.0,2017-07-24,Chennai,67.06
1302,134.0,2017-07-25,Chennai,67.1
1303,134.0,2017-07-26,Chennai,67.06
1304,134.0,2017-07-27,Chennai,67.07
1305,134.0,2017-07-28,Chennai,67.18
1306,134.0,2017-07-29,,
1307,134.0,2017-07-30,,
1308,134.0,2017-07-31,Chennai,67.78
1309,134.0,2017-08-01,Chennai,67.76
1310,135.0,2017-08-02,Chennai,67.78
1311,134.0,2017-08-03,,
1312,134.0,2017-08-04,Chennai,68.34
1313,134.0,2017-08-05,,
1314,134.0,2017-08-06,,
1315,134.0,2017-08-07,Chennai,69.08
1316,134.0,2017-08-08,Chennai,69.13
1317,134.0,2017-08-09,Chennai,69.2
1318,134.0,2017-08-10,Chennai,69.35
1319,134.0,2017-08-11,Chennai,69.68
1320,134.0,2017-08-12,,
1321,134.0,2017-08-13,,
1322,134.0,2017-08-14,Chennai,70.44
1323,134.0,2017-08-15,,
1324,134.0,2017-08-16,Chennai,70.59
1325,134.0,2017-08-17,Chennai,70.7
1326,134.0,2017-08-18,Chennai,70.76
1327,134.0,2017-08-19,,
1328,134.0,2017-08-20,,
1329,134.0,2017-08-21,Chennai,71.06
1330,134.0,2017-08-22,Chennai,71.15
1331,134.0,2017-08-23,Chennai,71.26
1332,134.0,2017-08-24,Chennai,71.37
1333,134.0,2017-08-25,,
1334,134.0,2017-08-26,,
1335,134.0,2017-08-27,,
1336,134.0,2017-08-28,Chennai,71.64
1337,134.0,2017-08-29,Chennai,71.62
1338,132.0,2017-08-30,Chennai,71.67
1339,132.0,2017-08-31,Chennai,71.7
1340,132.0,2017-09-01,Chennai,71.78
1341,132.0,2017-09-02,,
1342,132.0,2017-09-03,,
1343,132.0,2017-09-04,Chennai,72.17
1344,132.0,2017-09-05,Chennai,72.25
1345,132.0,2017-09-06,,
1346,132.0,2017-09-07,Chennai,72.34
1347,132.0,2017-09-08,Chennai,72.44
1348,132.0,2017-09-09,,
1349,132.0,2017-09-10,,
1350,132.0,2017-09-11,Chennai,72.85
1351,132.0,2017-09-12,Chennai,72.95
1352,131.0,2017-09-13,Chennai,72.92
1353,131.0,2017-09-14,Chennai,72.97
1354,131.0,2017-09-15,Chennai,73.01
1355,131.0,2017-09-16,,
1356,131.0,2017-09-17,,
1357,131.0,2017-09-18,,
1358,131.0,2017-09-19,Chennai,73.07
1359,131.0,2017-09-20,Chennai,73.1
1360,131.0,2017-09-21,Chennai,73.07
1361,131.0,2017-09-22,Chennai,73.05
1362,131.0,2017-09-23,,
1363,131.0,2017-09-24,,
1364,131.0,2017-09-25,Chennai,72.96
1365,131.0,2017-09-26,Chennai,72.99
1366,129.0,2017-09-27,Chennai,72.96
1367,129.0,2017-09-28,Chennai,73.04
1368,129.0,2017-09-29,Chennai,73.15
1369,129.0,2017-09-30,,
1370,129.0,2017-10-01,,
1371,129.0,2017-10-02,,
1372,129.0,2017-10-03,Chennai,73.41
1373,129.0,2017-10-04,Chennai,70.85
1374,129.0,2017-10-05,Chennai,70.81
1375,129.0,2017-10-06,Chennai,70.83
1376,129.0,2017-10-07,,
1377,129.0,2017-10-08,,
1378,129.0,2017-10-09,Chennai,70.89
1379,129.0,2017-10-10,Chennai,70.93
1380,129.0,2017-10-11,Chennai,70.96
1381,129.0,2017-10-12,Chennai,70.89
1382,129.0,2017-10-13,Chennai,70.9
1383,129.0,2017-10-14,,
1384,129.0,2017-10-15,,
1385,129.0,2017-10-16,Chennai,70.72
1386,129.0,2017-10-17,Chennai,70.69
1387,129.0,2017-10-18,Chennai,70.73
1388,129.0,2017-10-19,,
1389,129.0,2017-10-20,,
1390,129.0,2017-10-21,,
1391,129.0,2017-10-22,,
1392,130.0,2017-10-23,,
1393,129.0,2017-10-24,Chennai,71.04
1394,129.0,2017-10-25,Chennai,71.1
1395,129.0,2017-10-26,Chennai,71.14
1396,129.0,2017-10-27,,
1397,129.0,2017-10-28,,
1398,129.0,2017-10-29,,
1399,129.0,2017-10-30,Chennai,71.54
1400,129.0,2017-10-31,Chennai,71.64
1401,129.0,2017-11-01,Chennai,71.65
1402,129.0,2017-11-02,Chennai,71.77
1403,129.0,2017-11-03,Chennai,71.86
1404,129.0,2017-11-04,,
1405,129.0,2017-11-05,,
1406,129.0,2017-11-06,Chennai,72.31
1407,129.0,2017-11-07,Chennai,72.35
1408,129.0,2017-11-08,,
1409,129.0,2017-11-09,Chennai,72.4
1410,129.0,2017-11-10,Chennai,72.48
1411,129.0,2017-11-11,,
1412,129.0,2017-11-12,,
1413,129.0,2017-11-13,Chennai,72.41
1414,129.0,2017-11-14,Chennai,72.27
1415,129.0,2017-11-15,Chennai,72.22
1416,127.0,2017-11-16,Chennai,72.19
1417,127.0,2017-11-17,Chennai,72.15
1418,127.0,2017-11-18,,
1419,127.0,2017-11-19,,
1420,127.0,2017-11-20,Chennai,72.12
1421,127.0,2017-11-21,Chennai,72.06
1422,126.0,2017-11-22,Chennai,72.01
1423,126.0,2017-11-23,Chennai,71.96
1424,126.0,2017-11-24,Chennai,71.94
1425,126.0,2017-11-25,,
1426,126.0,2017-11-26,,
1427,126.0,2017-11-27,Chennai,71.88
1428,126.0,2017-11-28,Chennai,71.78
1429,128.0,2017-11-29,Chennai,71.86
1430,128.0,2017-11-30,Chennai,71.76
1431,128.0,2017-12-01,Chennai,71.74
1432,128.0,2017-12-02,,
1433,128.0,2017-12-03,,
1434,128.0,2017-12-04,,
1435,128.0,2017-12-05,Chennai,71.85
1436,128.0,2017-12-06,Chennai,71.76
1437,128.0,2017-12-07,Chennai,71.75
1438,128.0,2017-12-08,Chennai,71.7
1439,128.0,2017-12-09,,
1440,128.0,2017-12-10,,
1441,128.0,2017-12-11,Chennai,71.71
1442,128.0,2017-12-12,Chennai,71.6
1443,146.0,2017-12-13,Chennai,71.58
1444,146.0,2017-12-14,,
1445,146.0,2017-12-15,Chennai,71.61
1446,146.0,2017-12-16,,
1447,146.0,2017-12-17,,
1448,146.0,2017-12-18,Chennai,71.79
1449,146.0,2017-12-19,Chennai,71.87
1450,143.25,2017-12-20,Chennai,71.95
1451,140.5,2017-12-21,,
1452,137.75,2017-12-22,Chennai,72.03
1453,135.0,2017-12-23,,
1454,132.25,2017-12-24,,
1455,129.5,2017-12-25,,
1456,126.75,2017-12-26,Chennai,72.25
1457,124.0,2017-12-27,Chennai,72.26
1458,124.0,2017-12-28,Chennai,72.36
1459,124.0,2017-12-29,Chennai,72.45
1460,124.0,2017-12-30,,
1461,124.0,2017-12-31,,
1462,124.0,2018-01-01,Chennai,72.61
1463,124.0,2018-01-02,Chennai,72.53
1464,124.0,2018-01-03,Chennai,72.61
1465,124.0,2018-01-04,,
1466,124.0,2018-01-05,Chennai,72.63
1467,124.0,2018-01-06,,
1468,124.0,2018-01-07,,
1469,124.0,2018-01-08,Chennai,73.08
1470,124.0,2018-01-09,Chennai,73.14
1471,124.0,2018-01-10,Chennai,73.21
1472,124.0,2018-01-11,Chennai,73.25
1473,124.0,2018-01-12,Chennai,73.32
1474,124.0,2018-01-13,,
1475,124.0,2018-01-14,,
1476,124.0,2018-01-15,Chennai,73.78
1477,124.0,2018-01-16,Chennai,73.87
1478,124.0,2018-01-17,Chennai,74.0
1479,124.0,2018-01-18,Chennai,74.18
1480,124.0,2018-01-19,Chennai,74.33
1481,124.0,2018-01-20,,
1482,124.0,2018-01-21,,
1483,124.0,2018-01-22,Chennai,74.88
1484,124.0,2018-01-23,Chennai,75.04
1485,124.0,2018-01-24,Chennai,75.09
1486,124.0,2018-01-25,Chennai,75.16
1487,124.5,2018-01-26,,
1488,125.0,2018-01-27,,
1489,125.0,2018-01-28,,
1490,125.0,2018-01-29,Chennai,75.53
1491,125.0,2018-01-30,Chennai,75.61
1492,124.0,2018-01-31,,
1493,124.0,2018-02-01,Chennai,75.75
1494,124.0,2018-02-02,Chennai,75.8
1495,124.0,2018-02-03,,
1496,124.0,2018-02-04,,
1497,124.0,2018-02-05,Chennai,76.02
1498,124.0,2018-02-06,Chennai,76.09
1499,123.0,2018-02-07,,
1500,123.0,2018-02-08,Chennai,76.08
1501,123.0,2018-02-09,Chennai,76.06
1502,123.0,2018-02-10,,
1503,123.0,2018-02-11,,
1504,123.0,2018-02-12,Chennai,75.71
1505,123.0,2018-02-13,Chennai,75.63
1506,123.0,2018-02-14,,
1507,123.0,2018-02-15,Chennai,75.47
1508,123.0,2018-02-16,Chennai,75.19
1509,123.0,2018-02-17,,
1510,123.0,2018-02-18,,
1511,123.0,2018-02-19,Chennai,74.56
1512,123.0,2018-02-20,Chennai,74.36
1513,123.0,2018-02-21,Chennai,74.35
1514,123.0,2018-02-22,Chennai,74.33
1515,123.0,2018-02-23,Chennai,74.23
1516,123.0,2018-02-24,,
1517,123.0,2018-02-25,,
1518,123.0,2018-02-26,Chennai,74.15
1519,123.0,2018-02-27,Chennai,74.13
1520,123.0,2018-02-28,,
1521,123.0,2018-03-01,Chennai,74.26
1522,123.0,2018-03-02,Chennai,74.45
1523,123.0,2018-03-03,,
1524,123.0,2018-03-04,,
1525,123.0,2018-03-05,Chennai,75.05
1526,123.0,2018-03-06,Chennai,75.13
1527,123.0,2018-03-07,,
1528,123.0,2018-03-08,,
1529,123.0,2018-03-09,Chennai,75.17
1530,123.0,2018-03-10,,
1531,123.0,2018-03-11,,
1532,123.0,2018-03-12,Chennai,75.19
1533,123.0,2018-03-13,Chennai,75.21
1534,124.0,2018-03-14,,
1535,124.0,2018-03-15,Chennai,75.19
1536,124.0,2018-03-16,Chennai,75.11
1537,124.0,2018-03-17,,
1538,124.0,2018-03-18,,
1539,124.0,2018-03-19,Chennai,74.92
1540,124.0,2018-03-20,Chennai,74.93
1541,124.0,2018-03-21,,
1542,124.0,2018-03-22,Chennai,74.99
1543,124.0,2018-03-23,Chennai,75.03
1544,124.0,2018-03-24,,
1545,124.0,2018-03-25,,
1546,124.0,2018-03-26,Chennai,75.55
1547,124.0,2018-03-27,Chennai,75.66
1548,124.0,2018-03-28,,
1549,124.0,2018-03-29,Chennai,75.85
1550,124.0,2018-03-30,Chennai,76.1
1551,124.0,2018-03-31,,
1552,124.0,2018-04-01,,
1553,124.0,2018-04-02,Chennai,76.62
1554,124.0,2018-04-03,Chennai,76.76
1555,124.0,2018-04-04,,
1556,124.0,2018-04-05,Chennai,76.79
1557,124.0,2018-04-06,,
1558,124.0,2018-04-07,,
1559,124.0,2018-04-08,,
1560,124.0,2018-04-09,Chennai,76.8
1561,124.0,2018-04-10,Chennai,76.79
1562,124.0,2018-04-11,,
1563,124.0,2018-04-12,Chennai,76.75
1564,124.0,2018-04-13,Chennai,76.71
1565,124.0,2018-04-14,,
1566,124.0,2018-04-15,,
1567,124.0,2018-04-16,Chennai,76.83
1568,124.0,2018-04-17,,
1569,124.0,2018-04-18,,
1570,124.0,2018-04-19,Chennai,76.88
1571,124.0,2018-04-20,Chennai,76.89
1572,124.0,2018-04-21,,
1573,124.0,2018-04-22,,
1574,124.0,2018-04-23,Chennai,77.34
1575,124.0,2018-04-24,Chennai,77.47
1576,124.0,2018-04-25,,
1577,124.0,2018-04-26,,
1578,124.0,2018-04-27,,
1579,124.0,2018-04-28,,
1580,124.0,2018-04-29,,
1581,124.0,2018-04-30,,
1582,124.0,2018-05-01,,
1583,123.0,2018-05-02,,
1584,123.0,2018-05-03,,
1585,124.0,2018-05-04,,
1586,124.0,2018-05-05,,
1587,124.0,2018-05-06,,
1588,124.0,2018-05-07,,
1589,124.0,2018-05-08,,
1590,124.0,2018-05-09,,
1591,124.0,2018-05-10,,
1592,124.0,2018-05-11,,
1593,124.0,2018-05-12,,
1594,124.0,2018-05-13,,
1595,124.0,2018-05-14,Chennai,77.65
1596,124.0,2018-05-15,Chennai,77.81
1597,124.0,2018-05-16,Chennai,77.97
1598,124.0,2018-05-17,Chennai,78.2
1599,124.0,2018-05-18,Chennai,77.65
1600,124.0,2018-05-19,,
1601,124.0,2018-05-20,,
1602,124.0,2018-05-21,Chennai,79.51
1603,124.0,2018-05-22,Chennai,79.83
1604,124.0,2018-05-23,Chennai,80.15
1605,124.0,2018-05-24,Chennai,80.46
1606,124.0,2018-05-25,Chennai,80.84
1607,124.0,2018-05-26,Chennai,80.99
1608,124.0,2018-05-27,Chennai,81.15
1609,124.0,2018-05-28,Chennai,81.3
1610,124.0,2018-05-29,Chennai,81.47
1611,124.0,2018-05-30,,
1612,124.0,2018-05-31,Chennai,81.39
1613,124.0,2018-06-01,Chennai,81.32
1614,124.0,2018-06-02,Chennai,81.23
1615,124.0,2018-06-03,Chennai,81.14
1616,124.0,2018-06-04,Chennai,80.98
1617,124.0,2018-06-05,Chennai,80.84
1618,124.0,2018-06-06,Chennai,80.72
1619,124.0,2018-06-07,Chennai,80.63
1620,124.0,2018-06-08,Chennai,80.41
1621,124.0,2018-06-09,Chennai,79.99
1622,124.0,2018-06-10,Chennai,79.74
1623,124.0,2018-06-11,Chennai,79.52
1624,124.0,2018-06-12,Chennai,79.37
1625,124.0,2018-06-13,,
1626,124.0,2018-06-14,,
1627,124.0,2018-06-15,Chennai,79.28
1628,124.0,2018-06-16,,
1629,124.0,2018-06-17,,
1630,124.0,2018-06-18,,
1631,124.0,2018-06-19,Chennai,79.2
1632,124.0,2018-06-20,,
1633,124.0,2018-06-21,Chennai,79.08
1634,124.0,2018-06-22,Chennai,78.94
1635,124.0,2018-06-23,Chennai,78.84
1636,124.0,2018-06-24,Chennai,78.69
1637,124.0,2018-06-25,Chennai,78.59
1638,124.0,2018-06-26,Chennai,78.44
1639,124.0,2018-06-27,,
1640,124.0,2018-06-28,,
1641,124.0,2018-06-29,,
1642,124.0,2018-06-30,,
1643,124.0,2018-07-01,,
1644,124.0,2018-07-02,,
1645,124.0,2018-07-03,,
1646,124.0,2018-07-04,,
1647,124.0,2018-07-05,Chennai,78.61
1648,124.0,2018-07-06,Chennai,78.76
1649,124.0,2018-07-07,,
1650,124.0,2018-07-08,,
1651,124.0,2018-07-09,Chennai,79.29
1652,124.0,2018-07-10,Chennai,79.47
1653,124.0,2018-07-11,,
1654,124.0,2018-07-12,Chennai,79.54
1655,124.0,2018-07-13,Chennai,79.71
1656,124.0,2018-07-14,,
1657,124.0,2018-07-15,,
1658,124.0,2018-07-16,Chennai,79.8
1659,124.0,2018-07-17,,
1660,124.0,2018-07-18,,
1661,124.0,2018-07-19,,
1662,124.0,2018-07-20,Chennai,79.63
1663,124.0,2018-07-21,,
1664,124.0,2018-07-22,,
1665,124.0,2018-07-23,Chennai,79.29
1666,124.0,2018-07-24,Chennai,79.22
1667,123.0,2018-07-25,,
1668,123.0,2018-07-26,,
1669,123.0,2018-07-27,,
1670,123.0,2018-07-28,,
1671,123.0,2018-07-29,,
1672,123.0,2018-07-30,Chennai,79.24
1673,123.0,2018-07-31,Chennai,79.31
1674,123.0,2018-08-01,,
1675,123.0,2018-08-02,Chennai,79.43
1676,123.0,2018-08-03,Chennai,79.51
1677,123.0,2018-08-04,,
1678,123.0,2018-08-05,,
1679,123.0,2018-08-06,Chennai,80.0
1680,123.0,2018-08-07,Chennai,80.09
1681,123.5,2018-08-08,,
1682,124.0,2018-08-09,,
1683,124.0,2018-08-10,,
1684,124.0,2018-08-11,,
1685,124.0,2018-08-12,,
1686,124.0,2018-08-13,Chennai,80.18
1687,124.0,2018-08-14,,
1688,124.0,2018-08-15,,
1689,125.0,2018-08-16,Chennai,80.23
1690,125.0,2018-08-17,,
1691,125.0,2018-08-18,,
1692,125.0,2018-08-19,,
1693,125.0,2018-08-20,Chennai,80.55
1694,125.33333333333333,2018-08-21,Chennai,80.64
1695,125.66666666666667,2018-08-22,,
1696,126.0,2018-08-23,,
1697,126.0,2018-08-24,Chennai,80.74
1698,126.0,2018-08-25,Chennai,74.74
1699,126.0,2018-08-26,Chennai,74.83
1700,126.0,2018-08-27,Chennai,80.99
1701,126.0,2018-08-28,Chennai,81.14
1702,126.0,2018-08-29,Chennai,81.28
1703,126.0,2018-08-30,Chennai,81.4
1704,126.0,2018-08-31,Chennai,81.63
1705,126.0,2018-09-01,,
1706,126.0,2018-09-02,,
1707,125.0,2018-09-03,Chennai,82.34
1708,126.0,2018-09-04,Chennai,82.51
1709,126.0,2018-09-05,,
1710,126.0,2018-09-06,Chennai,82.72
1711,125.0,2018-09-07,Chennai,83.22
1712,125.0,2018-09-08,,
1713,125.0,2018-09-09,,
1714,125.0,2018-09-10,Chennai,84.0
1715,127.0,2018-09-11,Chennai,84.15
1716,127.0,2018-09-12,,
1717,127.0,2018-09-13,Chennai,84.29
1718,127.0,2018-09-14,Chennai,84.58
1719,127.0,2018-09-15,Chennai,84.95
1720,127.0,2018-09-16,Chennai,85.24
1721,127.0,2018-09-17,Chennai,85.4
1722,126.0,2018-09-18,Chennai,85.51
1723,126.0,2018-09-19,,
1724,126.0,2018-09-20,Chennai,85.57
1725,126.0,2018-09-21,Chennai,85.68
1726,126.0,2018-09-22,,
1727,126.0,2018-09-23,Chennai,85.97
1728,126.0,2018-09-24,Chennai,86.08
1729,126.0,2018-09-25,Chennai,86.23
1730,126.0,2018-09-26,,
1731,126.0,2018-09-27,Chennai,86.38
1732,126.0,2018-09-28,Chennai,86.61
1733,126.0,2018-09-29,,
1734,126.0,2018-09-30,Chennai,86.89
1735,126.0,2018-10-01,Chennai,87.13
1736,126.0,2018-10-02,Chennai,87.24
1737,125.0,2018-10-03,,
1738,129.0,2018-10-04,Chennai,87.39
1739,129.0,2018-10-05,Chennai,84.76
1740,129.0,2018-10-06,Chennai,84.95
1741,129.0,2018-10-07,Chennai,85.09
1742,129.0,2018-10-08,Chennai,85.31
1743,129.0,2018-10-09,Chennai,85.56
1744,128.0,2018-10-10,,
1745,128.0,2018-10-11,Chennai,85.66
1746,128.0,2018-10-12,Chennai,85.79
1747,128.0,2018-10-13,Chennai,85.98
1748,128.0,2018-10-14,Chennai,86.04
1749,128.0,2018-10-15,,
1750,128.0,2018-10-16,Chennai,86.16
1751,128.0,2018-10-17,,
1752,128.0,2018-10-18,Chennai,85.94
1753,128.0,2018-10-19,Chennai,85.68
1754,128.0,2018-10-20,Chennai,85.27
1755,128.0,2018-10-21,,
1756,128.0,2018-10-22,Chennai,84.69
1757,128.0,2018-10-23,Chennai,84.59
1758,128.0,2018-10-24,Chennai,84.49
1759,128.0,2018-10-25,Chennai,84.34
1760,128.0,2018-10-26,Chennai,84.07
1761,128.0,2018-10-27,,
1762,128.0,2018-10-28,,
1763,128.0,2018-10-29,Chennai,82.91
1764,128.0,2018-10-30,Chennai,82.7
1765,128.0,2018-10-31,,
1766,128.0,2018-11-01,Chennai,82.51
1767,128.0,2018-11-02,Chennai,82.33
1768,128.0,2018-11-03,,
1769,128.0,2018-11-04,,
1770,128.0,2018-11-05,Chennai,81.7
1771,128.0,2018-11-06,Chennai,81.55
1772,128.0,2018-11-07,,
1773,128.0,2018-11-08,,
1774,128.0,2018-11-09,,
1775,128.0,2018-11-10,,
1776,128.0,2018-11-11,,
1777,128.0,2018-11-12,Chennai,80.65
1778,128.0,2018-11-13,Chennai,80.51
1779,129.0,2018-11-14,,
1780,129.0,2018-11-15,Chennai,80.35
1781,129.0,2018-11-16,Chennai,80.17
1782,129.0,2018-11-17,,
1783,129.0,2018-11-18,,
1784,132.0,2018-11-19,Chennai,79.55
1785,132.0,2018-11-20,Chennai,79.41
1786,132.0,2018-11-21,,
1787,132.0,2018-11-22,Chennai,78.98
1788,132.0,2018-11-23,Chennai,78.55
1789,132.0,2018-11-24,,
1790,132.0,2018-11-25,,
1791,132.0,2018-11-26,Chennai,77.42
1792,132.0,2018-11-27,Chennai,76.98
1793,130.0,2018-11-28,Chennai,76.45
1794,130.0,2018-11-29,Chennai,76.1
1795,130.0,2018-11-30,Chennai,75.71
1796,130.0,2018-12-01,Chennai,75.34
1797,130.0,2018-12-02,Chennai,75.01
1798,130.0,2018-12-03,Chennai,74.68
1799,130.0,2018-12-04,Chennai,74.46
1800,130.0,2018-12-05,,
1801,130.0,2018-12-06,Chennai,74.04
1802,130.0,2018-12-07,Chennai,73.62
1803,130.0,2018-12-08,,
1804,130.0,2018-12-09,,
1805,130.0,2018-12-10,Chennai,72.98
1806,130.0,2018-12-11,Chennai,72.81
1807,130.0,2018-12-12,,
1808,130.0,2018-12-13,Chennai,72.9
1809,130.0,2018-12-14,,
1810,130.0,2018-12-15,,
1811,130.0,2018-12-16,,
1812,130.0,2018-12-17,Chennai,73.15
1813,130.0,2018-12-18,Chennai,73.26
1814,130.0,2018-12-19,,
1815,130.0,2018-12-20,,
1816,130.0,2018-12-21,Chennai,73.08
1817,130.0,2018-12-22,,
1818,130.0,2018-12-23,,
1819,130.0,2018-12-24,Chennai,72.45
1820,130.0,2018-12-25,Chennai,72.38
1821,129.0,2018-12-26,,
1822,129.0,2018-12-27,Chennai,72.32
1823,129.0,2018-12-28,Chennai,72.12
1824,129.0,2018-12-29,,
1825,129.0,2018-12-30,,
1826,129.0,2018-12-31,Chennai,71.38
1827,129.0,2019-01-01,,
1828,129.0,2019-01-02,Chennai,71.27
1829,129.0,2019-01-03,,
1830,129.0,2019-01-04,Chennai,71.05
1831,129.0,2019-01-05,,
1832,129.0,2019-01-06,,
1833,129.0,2019-01-07,Chennai,71.11
1834,129.0,2019-01-08,,
1835,129.0,2019-01-09,,
1836,129.0,2019-01-10,Chennai,71.51
1837,134.0,2019-01-11,Chennai,71.71
1838,134.0,2019-01-12,,
1839,134.0,2019-01-13,,
1840,134.0,2019-01-14,Chennai,72.83
1841,134.0,2019-01-15,,
1842,134.0,2019-01-16,Chennai,73.04
1843,134.0,2019-01-17,Chennai,73.19
1844,134.0,2019-01-18,Chennai,73.27
1845,134.0,2019-01-19,,
1846,134.0,2019-01-20,,
1847,134.0,2019-01-21,Chennai,73.89
1848,134.0,2019-01-22,Chennai,74.03
1849,134.0,2019-01-23,,
1850,134.0,2019-01-24,,
1851,134.0,2019-01-25,,
1852,134.0,2019-01-26,,
1853,134.0,2019-01-27,,
1854,134.0,2019-01-28,,
1855,134.0,2019-01-29,Chennai,73.94
1856,130.0,2019-01-30,,
1857,130.0,2019-01-31,Chennai,73.84
1858,130.0,2019-02-01,Chennai,73.59
1859,130.0,2019-02-02,,
1860,130.0,2019-02-03,,
1861,130.0,2019-02-04,,
1862,130.0,2019-02-05,Chennai,73.06
1863,130.0,2019-02-06,,
1864,130.0,2019-02-07,,
1865,130.0,2019-02-08,Chennai,73.0
1866,130.0,2019-02-09,,
1867,130.0,2019-02-10,,
1868,130.0,2019-02-11,Chennai,72.94
1869,130.0,2019-02-12,,
1870,134.0,2019-02-13,,
1871,134.0,2019-02-14,Chennai,73.01
1872,134.0,2019-02-15,Chennai,73.08
1873,134.0,2019-02-16,,
1874,134.0,2019-02-17,,
1875,134.0,2019-02-18,Chennai,73.55
1876,134.0,2019-02-19,Chennai,73.66
1877,134.0,2019-02-20,,
1878,134.0,2019-02-21,,
1879,134.0,2019-02-22,Chennai,73.97
1880,134.0,2019-02-23,,
1881,134.0,2019-02-24,,
1882,134.0,2019-02-25,Chennai,74.26
1883,134.0,2019-02-26,Chennai,74.36
1884,134.0,2019-02-27,,
1885,134.0,2019-02-28,Chennai,74.43
1886,134.0,2019-03-01,Chennai,74.54
1887,134.0,2019-03-02,,
1888,134.0,2019-03-03,,
1889,134.0,2019-03-04,Chennai,74.92
1890,134.0,2019-03-05,Chennai,74.99
1891,135.0,2019-03-06,,
1892,135.0,2019-03-07,,
1893,135.0,2019-03-08,,
1894,135.0,2019-03-09,,
1895,135.0,2019-03-10,,
1896,135.0,2019-03-11,Chennai,75.23
1897,135.0,2019-03-12,Chennai,75.17
1898,135.0,2019-03-13,,
1899,135.0,2019-03-14,Chennai,75.25
1900,135.0,2019-03-15,Chennai,75.32
1901,135.0,2019-03-16,,
1902,135.0,2019-03-17,,
1903,135.0,2019-03-18,Chennai,75.56
1904,135.0,2019-03-19,,
1905,135.0,2019-03-20,,
1906,135.0,2019-03-21,Chennai,75.49
1907,135.0,2019-03-22,Chennai,75.54
1908,135.0,2019-03-23,Chennai,75.59
1909,135.0,2019-03-24,Chennai,75.65
1910,135.0,2019-03-25,,
1911,135.0,2019-03-26,,
1912,134.0,2019-03-27,,
1913,134.0,2019-03-28,Chennai,75.59
1914,134.0,2019-03-29,,
1915,134.0,2019-03-30,,
1916,134.0,2019-03-31,,
1917,134.0,2019-04-01,Chennai,75.67
1918,134.0,2019-04-02,,
1919,134.0,2019-04-03,,
1920,134.0,2019-04-04,,
1921,134.0,2019-04-05,Chennai,75.73
1922,134.0,2019-04-06,,
1923,134.0,2019-04-07,,
1924,125.0,2019-04-08,Chennai,75.66
1925,125.0,2019-04-09,Chennai,75.61
1926,126.0,2019-04-10,,
1927,126.0,2019-04-11,,
1928,126.0,2019-04-12,Chennai,75.67
1929,126.0,2019-04-13,,
1930,126.0,2019-04-14,,
1931,126.0,2019-04-15,Chennai,75.8
1932,126.0,2019-04-16,Chennai,75.75
1933,126.0,2019-04-17,,
1934,126.0,2019-04-18,,
1935,126.0,2019-04-19,,
1936,126.0,2019-04-20,Chennai,75.82
1937,126.0,2019-04-21,,
1938,126.0,2019-04-22,Chennai,75.77
1939,126.0,2019-04-23,,
1940,126.0,2019-04-24,,
1941,126.0,2019-04-25,Chennai,75.84
1942,126.0,2019-04-26,,
1943,126.0,2019-04-27,Chennai,75.91
1944,126.0,2019-04-28,,
1945,126.0,2019-04-29,,
1946,143.0,2019-04-30,Chennai,75.96
1947,143.0,2019-05-01,,
1948,143.0,2019-05-02,Chennai,75.89
1949,143.0,2019-05-03,,
1950,143.0,2019-05-04,Chennai,75.9
1951,143.0,2019-05-05,Chennai,75.84
1952,143.0,2019-05-06,Chennai,75.77
1953,143.0,2019-05-07,,
1954,142.0,2019-05-08,,
1955,142.0,2019-05-09,Chennai,75.6
1956,142.0,2019-05-10,Chennai,75.38
1957,142.0,2019-05-11,Chennai,74.87
1958,142.0,2019-05-12,Chennai,74.43
1959,142.0,2019-05-13,Chennai,74.11
1960,142.0,2019-05-14,Chennai,73.85
1961,146.0,2019-05-15,,
1962,146.0,2019-05-16,,
1963,146.0,2019-05-17,Chennai,73.77
1964,146.0,2019-05-18,Chennai,73.69
1965,146.0,2019-05-19,,
1966,146.0,2019-05-20,Chennai,73.79
1967,146.0,2019-05-21,Chennai,73.84
1968,142.0,2019-05-22,,
1969,142.0,2019-05-23,Chennai,73.92
1970,142.0,2019-05-24,Chennai,74.07
1971,142.0,2019-05-25,Chennai,74.22
1972,142.0,2019-05-26,Chennai,74.37
1973,142.0,2019-05-27,Chennai,74.47
1974,142.0,2019-05-28,Chennai,74.57
1975,142.0,2019-05-29,,
1976,142.0,2019-05-30,Chennai,74.5
1977,142.0,2019-05-31,Chennai,74.43
1978,142.0,2019-06-01,Chennai,74.39
1979,142.0,2019-06-02,Chennai,74.27
1980,142.0,2019-06-03,Chennai,74.05
1981,142.0,2019-06-04,Chennai,73.98
1982,142.0,2019-06-05,,
1983,142.0,2019-06-06,Chennai,73.81
1984,142.0,2019-06-07,Chennai,73.68
1985,142.0,2019-06-08,,
1986,142.0,2019-06-09,,
1987,142.0,2019-06-10,Chennai,73.14
1988,142.0,2019-06-11,,
1989,142.0,2019-06-12,,
1990,142.0,2019-06-13,Chennai,73.05
1991,142.0,2019-06-14,Chennai,72.88
1992,142.0,2019-06-15,Chennai,72.68
1993,142.0,2019-06-16,Chennai,72.61
1994,142.0,2019-06-17,,
1995,142.0,2019-06-18,,
1996,145.0,2019-06-19,,
1997,145.0,2019-06-20,,
1998,145.0,2019-06-21,,
1999,145.0,2019-06-22,,
2000,145.0,2019-06-23,,
2001,145.0,2019-06-24,Chennai,72.74
2002,145.0,2019-06-25,,
2003,145.0,2019-06-26,,
2004,145.0,2019-06-27,Chennai,72.81
2005,145.0,2019-06-28,Chennai,72.87
2006,145.0,2019-06-29,Chennai,72.98
2007,145.0,2019-06-30,Chennai,73.08
2008,145.0,2019-07-01,Chennai,73.18
2009,145.0,2019-07-02,Chennai,73.24
2010,146.0,2019-07-03,,
2011,146.0,2019-07-04,,
2012,146.0,2019-07-05,,
2013,146.0,2019-07-06,Chennai,75.81
2014,146.0,2019-07-07,,
2015,146.0,2019-07-08,,
2016,146.0,2019-07-09,Chennai,75.76
2017,142.0,2019-07-10,,
2018,142.0,2019-07-11,,
2019,142.0,2019-07-12,,
2020,142.0,2019-07-13,Chennai,75.85
2021,142.0,2019-07-14,Chennai,75.95
2022,142.0,2019-07-15,Chennai,76.08
2023,142.0,2019-07-16,Chennai,76.15
2024,142.0,2019-07-17,,
2025,142.0,2019-07-18,Chennai,76.23
2026,142.0,2019-07-19,,
2027,142.0,2019-07-20,,
2028,142.0,2019-07-21,,
2029,142.0,2019-07-22,,
2030,142.0,2019-07-23,Chennai,76.29
2031,141.0,2019-07-24,,
2032,141.0,2019-07-25,Chennai,76.23
2033,141.0,2019-07-26,Chennai,76.17
2034,141.0,2019-07-27,Chennai,76.11
2035,141.0,2019-07-28,Chennai,76.01
2036,141.0,2019-07-29,Chennai,75.85
2037,141.0,2019-07-30,Chennai,75.71
2038,140.0,2019-07-31,,
2039,140.0,2019-08-01,Chennai,75.65
2040,140.0,2019-08-02,Chennai,75.48
2041,140.0,2019-08-03,Chennai,75.41
2042,140.0,2019-08-04,Chennai,75.3
2043,140.0,2019-08-05,Chennai,75.14
2044,140.0,2019-08-06,Chennai,75.05
2045,139.0,2019-08-07,,
2046,139.0,2019-08-08,Chennai,75.0
2047,139.0,2019-08-09,Chennai,74.84
2048,139.0,2019-08-10,,
2049,139.0,2019-08-11,Chennai,74.74
2050,139.0,2019-08-12,,
2051,139.0,2019-08-13,,
2052,142.0,2019-08-14,,
2053,142.0,2019-08-15,,
2054,142.0,2019-08-16,,
2055,142.0,2019-08-17,,
2056,142.0,2019-08-18,Chennai,74.66
2057,142.0,2019-08-19,Chennai,74.59
2058,142.0,2019-08-20,,
2059,142.0,2019-08-21,,
2060,142.0,2019-08-22,,
2061,142.0,2019-08-23,,
2062,142.0,2019-08-24,Chennai,74.67
2063,142.0,2019-08-25,Chennai,74.74
2064,142.0,2019-08-26,Chennai,74.83
2065,142.0,2019-08-27,,
2066,145.0,2019-08-28,,
2067,145.0,2019-08-29,Chennai,74.77
2068,145.0,2019-08-30,,
2069,145.0,2019-08-31,,
2070,145.0,2019-09-01,,
2071,145.0,2019-09-02,,
2072,145.0,2019-09-03,,
2073,145.0,2019-09-04,,
2074,145.0,2019-09-05,Chennai,74.74
2075,145.0,2019-09-06,Chennai,74.64
2076,145.0,2019-09-07,Chennai,74.55
2077,145.0,2019-09-08,Chennai,74.48
2078,145.0,2019-09-09,,
2079,142.0,2019-09-10,Chennai,74.54
2080,142.0,2019-09-11,,
2081,142.0,2019-09-12,Chennai,74.6
2082,142.0,2019-09-13,Chennai,74.67
2083,142.0,2019-09-14,Chennai,74.76
2084,142.0,2019-09-15,Chennai,74.82
2085,142.0,2019-09-16,,
2086,142.0,2019-09-17,Chennai,74.97
2087,142.0,2019-09-18,Chennai,75.23
2088,142.0,2019-09-19,Chennai,75.54
2089,142.0,2019-09-20,Chennai,75.9
2090,142.0,2019-09-21,Chennai,76.21
2091,139.0,2019-09-22,Chennai,76.49
2092,139.0,2019-09-23,Chennai,76.8
2093,139.0,2019-09-24,Chennai,77.03
2094,139.0,2019-09-25,,
2095,139.0,2019-09-26,Chennai,77.09
2096,139.0,2019-09-27,Chennai,77.25
2097,139.0,2019-09-28,,
2098,139.0,2019-09-29,,
2099,139.0,2019-09-30,Chennai,77.34
2100,139.0,2019-10-01,Chennai,77.56
2101,139.0,2019-10-02,,
2102,139.0,2019-10-03,Chennai,77.46
2103,139.0,2019-10-04,Chennai,77.27
2104,139.0,2019-10-05,Chennai,76.96
2105,139.0,2019-10-06,,
2106,139.0,2019-10-07,Chennai,76.67
2107,139.0,2019-10-08,Chennai,76.49
2108,139.0,2019-10-09,,
2109,139.0,2019-10-10,Chennai,76.44
2110,139.0,2019-10-11,Chennai,76.31
2111,139.0,2019-10-12,Chennai,76.21
2112,139.0,2019-10-13,,
2113,139.0,2019-10-14,,
2114,139.0,2019-10-15,Chennai,76.16
2115,139.0,2019-10-16,,
2116,139.0,2019-10-17,,
2117,139.0,2019-10-18,,
2118,139.0,2019-10-19,Chennai,76.15
2119,139.0,2019-10-20,,
2120,139.0,2019-10-21,,
2121,139.0,2019-10-22,Chennai,76.1
2122,139.0,2019-10-23,,
2123,139.0,2019-10-24,Chennai,76.05
2124,139.0,2019-10-25,Chennai,75.93
2125,139.0,2019-10-26,Chennai,75.85
2126,139.0,2019-10-27,,
2127,139.0,2019-10-28,,
2128,139.0,2019-10-29,Chennai,75.78
2129,139.0,2019-10-30,,
2130,139.0,2019-10-31,,
2131,139.0,2019-11-01,Chennai,75.78
2132,139.0,2019-11-01,Chennai,75.66
2133,139.0,2019-11-02,Chennai,75.58
2134,139.0,2019-11-03,Chennai,75.53
2135,139.0,2019-11-04,Chennai,75.44
2136,139.0,2019-11-05,Chennai,75.39
2137,141.0,2019-11-06,,
2138,141.0,2019-11-07,,
2139,141.0,2019-11-08,Chennai,75.49
2140,141.0,2019-11-09,Chennai,75.65
2141,141.0,2019-11-10,Chennai,75.86
2142,141.0,2019-11-11,Chennai,76.02
2143,141.0,2019-11-12,,
2144,141.0,2019-11-13,Chennai,76.12
2145,141.0,2019-11-14,Chennai,76.28
2146,141.0,2019-11-15,Chennai,76.47
2147,141.0,2019-11-16,Chennai,76.62
2148,141.0,2019-11-17,Chennai,76.74
2149,141.0,2019-11-18,Chennai,76.91
2150,141.0,2019-11-19,Chennai,77.07
2151,139.0,2019-11-20,,
2152,139.0,2019-11-21,,
2153,139.0,2019-11-22,Chennai,77.23
2154,139.0,2019-11-23,Chennai,77.32
2155,139.0,2019-11-24,Chennai,77.43
2156,139.0,2019-11-25,Chennai,77.56
2157,139.0,2019-11-26,Chennai,77.66
2158,138.0,2019-11-27,,
2159,138.0,2019-11-28,,
2160,138.0,2019-11-29,Chennai,77.71
2161,138.0,2019-11-30,Chennai,77.763
2162,138.0,2019-12-01,Chennai,77.89
2163,138.0,2019-12-02,,
2164,138.0,2019-12-03,,
2165,137.0,2019-12-04,,
2166,137.0,2019-12-05,,
2167,137.0,2019-12-06,,
2168,137.0,2019-12-07,Chennai,77.8
2169,137.0,2019-12-08,Chennai,77.89
2170,137.0,2019-12-09,Chennai,77.94
2171,137.0,2019-12-10,Chennai,77.95
2172,135.0,2019-12-11,,
2173,135.0,2019-12-12,Chennai,77.9
2174,135.0,2019-12-13,Chennai,77.84
2175,135.0,2019-12-14,Chennai,77.79
2176,135.0,2019-12-15,Chennai,77.68
2177,135.0,2019-12-16,Chennai,77.63
2178,135.0,2019-12-17,Chennai,77.58
2179,138.0,2019-12-18,,
2180,138.0,2019-12-19,Chennai,77.56
2181,138.0,2019-12-20,,
2182,138.0,2019-12-21,,
2183,138.0,2019-12-22,,
2184,138.0,2019-12-23,,
2185,138.0,2019-12-24,,
2186,138.0,2019-12-25,,
2187,138.0,2019-12-26,Chennai,77.62
2188,138.0,2019-12-27,Chennai,77.68
2189,138.0,2019-12-28,,
2190,138.0,2019-12-29,Chennai,77.83
2191,138.0,2019-12-30,Chennai,78.0
2192,138.0,2019-12-31,Chennai,78.1
2193,138.0,2020-01-01,,
2194,138.0,2020-01-02,Chennai,78.24
2195,138.0,2020-01-03,Chennai,78.34
2196,138.0,2020-01-04,Chennai,78.44
2197,138.0,2020-01-05,Chennai,78.54
2198,138.0,2020-01-06,Chennai,78.7
2199,138.0,2020-01-07,Chennai,78.85
2200,149.0,2020-01-08,Chennai,78.75
2201,149.0,2020-01-09,Chennai,78.83
2202,149.0,2020-01-10,Chennai,78.98
2203,149.0,2020-01-11,Chennai,79.04
2204,149.0,2020-01-12,Chennai,78.94
2205,149.0,2020-01-13,Chennai,78.82
2206,149.0,2020-01-14,Chennai,78.72
2207,149.0,2020-01-15,,
2208,149.0,2020-01-16,Chennai,78.55
2209,149.0,2020-01-17,Chennai,78.41
2210,149.0,2020-01-18,Chennai,78.25
2211,149.0,2020-01-19,Chennai,78.07
2212,149.0,2020-01-20,Chennai,77.95
2213,149.0,2020-01-21,Chennai,77.79
2214,149.0,2020-01-22,,
2215,149.0,2020-01-23,Chennai,77.61
2216,149.0,2020-01-24,Chennai,77.39
2217,149.0,2020-01-25,Chennai,77.14
2218,149.0,2020-01-26,Chennai,76.84
2219,149.0,2020-01-27,Chennai,76.62
2220,149.0,2020-01-28,Chennai,76.5
2221,148.0,2020-01-29,,
2222,148.0,2020-01-30,Chennai,76.26
2223,148.0,2020-01-31,Chennai,76.15
2224,148.0,2020-02-01,Chennai,76.01
2225,148.0,2020-02-02,Chennai,75.91
2226,148.0,2020-02-03,Chennai,75.85
2227,148.0,2020-02-04,Chennai,75.8
2228,148.0,2020-02-05,,
2229,148.0,2020-02-06,Chennai,75.69
2230,148.0,2020-02-07,Chennai,75.47
2231,148.0,2020-02-08,Chennai,75.23
2232,148.0,2020-02-09,Chennai,75.0
2233,148.0,2020-02-10,Chennai,74.86
2234,148.0,2020-02-11,Chennai,74.69
2235,147.0,2020-02-12,,
2236,147.0,2020-02-13,,
2237,147.0,2020-02-14,,
2238,147.0,2020-02-15,,
2239,147.0,2020-02-16,,
2240,147.0,2020-02-17,,
2241,147.0,2020-02-18,Chennai,74.64
2242,146.0,2020-02-19,,
2243,146.0,2020-02-20,,
2244,146.0,2020-02-21,,
2245,146.0,2020-02-22,,
2246,146.0,2020-02-23,,
2247,146.0,2020-02-24,Chennai,74.77
2248,146.0,2020-02-25,,
2249,146.0,2020-02-26,,
2250,146.0,2020-02-27,Chennai,74.71
2251,146.0,2020-02-28,,
2252,146.0,2020-02-29,Chennai,74.64
2253,146.0,2020-03-01,Chennai,74.49
2254,146.0,2020-03-02,Chennai,74.26
2255,146.0,2020-03-03,Chennai,74.21
2256,147.0,2020-03-04,,
2257,147.0,2020-03-05,Chennai,74.05
2258,147.0,2020-03-06,Chennai,73.89
2259,147.0,2020-03-07,Chennai,73.76
2260,147.0,2020-03-08,Chennai,73.56
2261,147.0,2020-03-09,Chennai,73.31
2262,147.0,2020-03-10,Chennai,73.01
2263,156.0,2020-03-11,,
2264,156.0,2020-03-12,Chennai,72.84
2265,156.0,2020-03-13,Chennai,72.69
2266,156.0,2020-03-14,Chennai,72.56
2267,156.0,2020-03-15,Chennai,72.43
2268,156.0,2020-03-16,Chennai,72.26
2269,156.0,2020-03-17,,
2270,159.0,2020-03-18,,
2271,159.0,2020-03-19,,
2272,159.0,2020-03-20,,
2273,159.0,2020-03-21,,
2274,159.0,2020-03-22,,
2275,159.0,2020-03-23,,
2276,159.0,2020-03-24,,
2277,159.0,2020-03-25,,
2278,159.0,2020-03-26,,
2279,159.0,2020-03-27,,
2280,159.0,2020-03-28,,
2281,159.0,2020-03-29,,
2282,159.0,2020-03-30,,
2283,159.0,2020-03-31,,
2284,159.0,2020-04-01,,
2285,164.0,2020-04-02,,
2286,164.0,2020-04-03,,
2287,164.0,2020-04-04,,
2288,164.0,2020-04-05,,
2289,164.0,2020-04-06,,
2290,164.0,2020-04-07,,
2291,164.0,2020-04-08,,
2292,164.0,2020-04-09,,
2293,168.0,2020-04-10,,
2294,172.0,2020-04-11,,
2295,172.0,2020-04-12,,
2296,164.0,2020-04-13,,
2297,164.0,2020-04-14,,
2298,164.0,2020-04-15,,
2299,164.0,2020-04-16,,
2300,164.0,2020-04-17,,
2301,164.0,2020-04-18,,
2302,164.0,2020-04-19,,
2303,164.0,2020-04-20,,
2304,169.0,2020-04-21,,
2305,169.0,2020-04-22,,
2306,169.0,2020-04-23,,
2307,169.0,2020-04-24,,
2308,169.0,2020-04-25,,
2309,169.0,2020-04-26,,
2310,169.0,2020-04-27,,
2311,169.0,2020-04-28,,
2312,169.0,2020-04-29,,
2313,169.0,2020-04-30,,
2314,169.0,2020-05-01,,
2315,169.0,2020-05-02,,
2316,169.0,2020-05-03,,
2317,169.0,2020-05-04,,
2318,169.0,2020-05-05,Chennai,75.52
2319,162.0,2020-05-06,,
2320,162.0,2020-05-07,,
2321,162.0,2020-05-08,,
2322,162.0,2020-05-09,,
2323,162.0,2020-05-10,,
2324,162.0,2020-05-11,,
2325,162.0,2020-05-12,,
2326,172.0,2020-05-13,,
2327,172.0,2020-05-14,,
2328,172.0,2020-05-15,,
2329,172.0,2020-05-16,,
2330,172.0,2020-05-17,,
2331,172.0,2020-05-18,,
2332,172.0,2020-05-19,,
2333,180.0,2020-05-20,,
2334,179.0,2020-05-21,,
2335,179.0,2020-05-22,,
2336,179.0,2020-05-23,,
2337,179.0,2020-05-24,,
2338,179.0,2020-05-25,,
2339,179.0,2020-05-26,,
2340,179.0,2020-05-27,,
2341,179.0,2020-05-28,,
2342,179.0,2020-05-29,,
2343,179.0,2020-05-30,,
2344,179.0,2020-05-31,,
2345,179.0,2020-06-01,,
2346,179.0,2020-06-02,,
2347,179.0,2020-06-03,,
2348,179.0,2020-06-04,,
2349,179.0,2020-06-05,,
2350,179.0,2020-06-06,,
2351,179.0,2020-06-07,Chennai,76.12
2352,178.0,2020-06-08,Chennai,76.72
2353,178.0,2020-06-09,Chennai,77.26
2354,178.0,2020-06-10,Chennai,77.66
2355,178.0,2020-06-11,Chennai,78.26
2356,178.0,2020-06-12,Chennai,78.86
2357,178.0,2020-06-13,Chennai,79.46
2358,178.0,2020-06-14,Chennai,80.06
2359,178.0,2020-06-15,Chennai,79.94
2360,178.0,2020-06-16,Chennai,80.35
2361,178.0,2020-06-17,Chennai,80.84
2362,178.0,2020-06-18,Chennai,81.31
2363,178.0,2020-06-19,Chennai,81.8
2364,178.0,2020-06-20,Chennai,82.25
2365,178.0,2020-06-21,Chennai,82.56
2366,178.0,2020-06-22,Chennai,82.85
2367,178.0,2020-06-23,Chennai,83.02
2368,178.0,2020-06-24,,
2369,178.0,2020-06-25,Chennai,83.16
2370,178.0,2020-06-26,Chennai,83.35
2371,178.0,2020-06-27,Chennai,83.57
2372,178.5,2020-06-28,,
2373,179.0,2020-06-29,Chennai,83.62
2374,179.0,2020-06-30,,
2375,179.0,2020-07-01,,
2376,179.0,2020-07-02,,
2377,179.0,2020-07-03,,
2378,179.0,2020-07-04,,
2379,179.0,2020-07-05,,
2380,179.0,2020-07-06,,
2381,179.0,2020-07-07,,
2382,179.0,2020-07-08,,
2383,179.0,2020-07-09,,
2384,179.0,2020-07-10,,
2385,179.0,2020-07-11,,
2386,179.0,2020-07-12,,
2387,179.0,2020-07-13,,
2388,179.0,2020-07-14,,
2389,179.0,2020-07-15,,
2390,179.0,2020-07-16,,
2391,179.0,2020-07-17,,
2392,179.0,2020-07-18,,
2393,179.0,2020-07-19,,
2394,179.0,2020-07-20,,
2395,179.0,2020-07-21,,
2396,179.0,2020-07-22,,
2397,179.0,2020-07-23,,
2398,179.0,2020-07-24,,
2399,179.0,2020-07-25,,
2400,179.0,2020-07-26,,
2401,179.0,2020-07-27,,
2402,179.0,2020-07-28,,
2403,179.0,2020-07-29,,
2404,179.0,2020-07-30,,
2405,179.0,2020-07-31,,
2406,179.0,2020-08-01,,
2407,179.0,2020-08-02,,
2408,179.0,2020-08-03,,
2409,179.0,2020-08-04,,
2410,179.0,2020-08-05,,
2411,179.0,2020-08-06,,
2412,179.0,2020-08-07,,
2413,179.0,2020-08-08,,
2414,179.5,2020-08-09,,
2415,180.0,2020-08-10,,
2416,180.0,2020-08-11,,
2417,180.0,2020-08-12,,
2418,180.0,2020-08-13,,
2419,180.0,2020-08-14,,
2420,180.0,2020-08-15,,
2421,180.0,2020-08-16,Chennai,83.77
2422,180.0,2020-08-17,Chennai,83.91
2423,180.0,2020-08-18,Chennai,84.05
2424,180.0,2020-08-19,,
2425,180.0,2020-08-20,Chennai,84.14
2426,180.0,2020-08-21,Chennai,84.31
2427,180.0,2020-08-22,Chennai,84.45
2428,180.0,2020-08-23,Chennai,84.57
2429,180.0,2020-08-24,Chennai,84.69
2430,180.0,2020-08-25,Chennai,84.78
2431,180.0,2020-08-26,,
2432,180.0,2020-08-27,Chennai,84.87
2433,180.0,2020-08-28,Chennai,84.96
2434,180.0,2020-08-29,,
2435,180.0,2020-08-30,Chennai,85.05
2436,180.0,2020-08-31,,
2437,180.0,2020-09-01,Chennai,85.09
2438,182.0,2020-09-02,,
2439,182.0,2020-09-03,,
2440,182.0,2020-09-04,,
2441,182.0,2020-09-05,,
2442,182.0,2020-09-06,,
2443,182.0,2020-09-07,,
2444,182.0,2020-09-08,,
2445,182.0,2020-09-09,,
2446,182.0,2020-09-10,Chennai,85.01
2447,182.0,2020-09-11,,
2448,182.0,2020-09-12,Chennai,84.9
2449,182.0,2020-09-13,,
2450,182.0,2020-09-14,Chennai,84.78
2451,182.0,2020-09-15,Chennai,84.63
2452,187.0,2020-09-16,,
2453,187.0,2020-09-17,Chennai,84.49
2454,187.0,2020-09-18,Chennai,84.26
2455,187.0,2020-09-19,,
2456,187.0,2020-09-20,,
2457,187.0,2020-09-21,,
2458,187.0,2020-09-22,Chennai,84.19
2459,187.0,2020-09-23,,
2460,187.0,2020-09-24,,
2461,187.0,2020-09-25,,
2462,187.0,2020-09-26,,
2463,187.0,2020-09-27,,
2464,187.0,2020-09-28,,
2465,187.0,2020-09-29,,
2466,187.0,2020-09-30,,
2467,187.0,2020-10-01,,
2468,187.0,2020-10-02,,
2469,187.0,2020-10-03,,
2470,187.0,2020-10-04,,
2471,187.0,2020-10-05,,
2472,187.0,2020-10-06,,
2473,187.0,2020-10-07,,
2474,187.0,2020-10-08,,
2475,187.0,2020-10-09,,
2476,187.0,2020-10-10,,
2477,187.0,2020-10-11,,
2478,187.0,2020-10-12,,
2479,187.0,2020-10-13,,
2480,187.0,2020-10-14,,
2481,187.0,2020-10-15,,
2482,187.0,2020-10-16,,
2483,187.0,2020-10-17,,
2484,187.0,2020-10-18,,
2485,187.0,2020-10-19,,
2486,187.0,2020-10-20,,
2487,187.0,2020-10-21,,
2488,187.0,2020-10-22,,
2489,187.0,2020-10-23,,
2490,187.0,2020-10-24,,
2491,187.0,2020-10-25,,
2492,187.0,2020-10-26,,
2493,187.0,2020-10-27,,
2494,187.0,2020-10-28,,
2495,187.0,2020-10-29,,
2496,187.0,2020-10-30,,
2497,187.0,2020-10-31,,
2498,187.0,2020-11-01,,
2499,187.0,2020-11-02,,
2500,187.0,2020-11-03,,
2501,187.0,2020-11-04,,
2502,187.0,2020-11-05,,
2503,187.0,2020-11-06,,
2504,187.0,2020-11-07,,
2505,187.0,2020-11-08,,
2506,187.0,2020-11-09,,
2507,187.0,2020-11-10,,
2508,171.0,2020-11-11,,
2509,171.0,2020-11-12,,
2510,171.0,2020-11-13,,
2511,171.0,2020-11-14,,
2512,171.0,2020-11-15,,
2513,171.0,2020-11-16,,
2514,171.0,2020-11-17,,
2515,187.0,2020-11-18,,
2516,187.0,2020-11-19,,
2517,187.0,2020-11-20,Chennai,84.33
2518,187.0,2020-11-21,Chennai,84.45
2519,187.0,2020-11-22,Chennai,84.49
2520,187.0,2020-11-23,Chennai,84.56
2521,187.0,2020-11-24,Chennai,84.61
2522,187.0,2020-11-25,,
2523,187.0,2020-11-26,Chennai,84.71
2524,187.0,2020-11-27,Chennai,84.87
2525,187.0,2020-11-28,Chennai,85.08
2526,187.0,2020-11-29,Chennai,85.27
2527,187.0,2020-11-30,,
2528,187.0,2020-12-01,,
2529,187.0,2020-12-02,Chennai,85.4
2530,187.0,2020-12-03,Chennai,85.55
2531,187.0,2020-12-04,Chennai,85.73
2532,187.0,2020-12-05,Chennai,85.97
2533,187.0,2020-12-06,Chennai,86.21
2534,187.0,2020-12-07,Chennai,86.48
2535,187.0,2020-12-08,,
2536,187.0,2020-12-09,,
2537,187.0,2020-12-10,,
2538,187.0,2020-12-11,,
2539,187.0,2020-12-12,,
2540,187.0,2020-12-13,,
2541,187.0,2020-12-14,,
2542,187.0,2020-12-15,,
2543,187.0,2020-12-16,,
2544,187.0,2020-12-17,,
2545,187.0,2020-12-18,,
2546,187.0,2020-12-19,,
2547,187.0,2020-12-20,,
2548,187.0,2020-12-21,,
2549,187.0,2020-12-22,,
2550,178.0,2020-12-23,,
2551,178.0,2020-12-24,,
2552,178.0,2020-12-25,,
2553,178.0,2020-12-26,,
2554,178.0,2020-12-27,,
2555,178.0,2020-12-28,,
2556,178.0,2020-12-29,,
2557,178.0,2020-12-30,,
2558,178.0,2020-12-31,,
2559,178.0,2021-01-01,,
2560,177.66666666666666,2021-01-02,,
2561,177.33333333333334,2021-01-03,,
2562,177.0,2021-01-04,,
2563,176.66666666666666,2021-01-05,,
2564,176.33333333333334,2021-01-06,Chennai,86.73
2565,176.0,2021-01-07,Chennai,86.95
2566,177.0,2021-01-08,,
2567,177.0,2021-01-09,,
2568,177.0,2021-01-10,,
2569,177.0,2021-01-11,,
2570,177.0,2021-01-12,,
2571,177.0,2021-01-13,Chennai,87.17
2572,177.0,2021-01-14,Chennai,87.39
2573,177.0,2021-01-15,,
2574,177.0,2021-01-16,,
2575,177.0,2021-01-17,,
2576,177.0,2021-01-18,Chennai,87.61
2577,177.0,2021-01-19,Chennai,87.83
2578,177.0,2021-01-20,,
2579,175.0,2021-01-21,,
2580,175.0,2021-01-22,Chennai,88.05
2581,177.0,2021-01-23,Chennai,88.27
2582,177.0,2021-01-24,,
2583,177.0,2021-01-25,,
2584,175.0,2021-01-26,Chennai,88.58
2585,179.0,2021-01-27,Chennai,88.8
2586,175.0,2021-01-28,,
2587,170.0,2021-01-29,,
2588,168.0,2021-01-30,,
2589,168.0,2021-01-31,,
2590,168.0,2021-02-01,,
2591,168.0,2021-02-02,,
2592,178.0,2021-02-03,,
2593,178.0,2021-02-04,Chennai,89.11
2594,178.0,2021-02-05,Chennai,89.37
2595,178.0,2021-02-06,,
2596,178.0,2021-02-07,,
2597,178.0,2021-02-08,,
2598,178.0,2021-02-09,Chennai,89.68
2599,172.0,2021-02-10,Chennai,89.95
2600,172.0,2021-02-11,Chennai,90.17
2601,172.0,2021-02-12,Chennai,90.42
2602,173.0,2021-02-13,Chennai,90.69
2603,173.0,2021-02-14,Chennai,90.94
2604,173.0,2021-02-15,Chennai,91.17
2605,172.0,2021-02-16,Chennai,91.44
2606,172.0,2021-02-17,Chennai,91.66
2607,172.0,2021-02-18,Chennai,91.96
2608,172.0,2021-02-19,Chennai,92.23
2609,172.0,2021-02-20,Chennai,92.58
2610,171.0,2021-02-21,,
2611,170.0,2021-02-22,,
2612,172.0,2021-02-23,Chennai,92.88
2613,177.0,2021-02-24,,
2614,177.0,2021-02-25,,
2615,178.0,2021-02-26,,
2616,177.0,2021-02-27,Chennai,93.1
2617,176.0,2021-02-28,,
2618,175.0,2021-03-01,,
2619,177.0,2021-03-02,,
2620,177.0,2021-03-03,,
2621,177.0,2021-03-04,,
2622,177.0,2021-03-05,,
2623,177.0,2021-03-06,,
2624,177.0,2021-03-07,,
2625,177.0,2021-03-08,,
2626,177.0,2021-03-09,,
2627,177.0,2021-03-10,,
2628,177.0,2021-03-11,,
2629,178.0,2021-03-12,,
2630,177.0,2021-03-13,,
2631,177.0,2021-03-14,,
2632,177.0,2021-03-15,,
2633,178.0,2021-03-16,,
2634,177.0,2021-03-17,,
2635,177.0,2021-03-18,,
2636,177.0,2021-03-19,,
2637,177.0,2021-03-20,,
2638,177.0,2021-03-21,,
2639,175.0,2021-03-22,,
2640,177.0,2021-03-23,,
2641,176.0,2021-03-24,Chennai,92.94
2642,175.0,2021-03-25,Chennai,92.75
2643,176.0,2021-03-26,,
2644,176.0,2021-03-27,,
2645,176.0,2021-03-28,,
2646,175.0,2021-03-29,,
2647,176.0,2021-03-30,Chennai,92.56
2648,176.0,2021-03-31,,
2649,176.0,2021-04-01,,
2650,176.0,2021-04-02,,
2651,176.0,2021-04-03,,
2652,176.0,2021-04-04,,
2653,177.0,2021-04-05,,
2654,178.0,2021-04-06,,
2655,176.0,2021-04-07,,
2656,176.0,2021-04-08,,
2657,176.0,2021-04-09,,
2658,176.0,2021-04-10,,
2659,176.0,2021-04-11,,
2660,176.0,2021-04-12,,
2661,177.0,2021-04-13,,
2662,176.0,2021-04-14,,
2663,176.0,2021-04-15,Chennai,92.42
2664,176.0,2021-04-16,,
2665,176.0,2021-04-17,,
2666,176.0,2021-04-18,,
2667,176.0,2021-04-19,,
2668,175.0,2021-04-20,,
2669,177.0,2021-04-21,,
2670,179.0,2021-04-22,,
2671,179.0,2021-04-23,,
2672,179.0,2021-04-24,,
2673,179.0,2021-04-25,,
2674,179.0,2021-04-26,,
2675,179.0,2021-04-27,,
2676,183.0,2021-04-28,,
2677,183.0,2021-04-29,,
2678,183.0,2021-04-30,,
2679,182.66666666666666,2021-05-01,,
2680,182.33333333333334,2021-05-02,,
2681,182.0,2021-05-03,,
2682,183.0,2021-05-04,Chennai,92.57
2683,186.0,2021-05-05,Chennai,92.73
2684,186.0,2021-05-06,Chennai,92.95
2685,186.0,2021-05-07,Chennai,93.2
2686,186.0,2021-05-08,,
2687,186.0,2021-05-09,,
2688,186.0,2021-05-10,Chennai,93.43
2689,186.0,2021-05-11,Chennai,93.67
2690,186.16666666666666,2021-05-12,Chennai,93.89
2691,186.33333333333334,2021-05-13,,
2692,186.5,2021-05-14,Chennai,94.15
2693,186.66666666666666,2021-05-15,,
2694,186.83333333333334,2021-05-16,Chennai,94.36
2695,187.0,2021-05-17,,
2696,187.0,2021-05-18,Chennai,94.6
2697,187.0,2021-05-19,,
2698,187.0,2021-05-20,,
2699,187.0,2021-05-21,Chennai,94.76
2700,187.0,2021-05-22,,
2701,187.0,2021-05-23,Chennai,94.91
2702,187.0,2021-05-24,,
2703,187.0,2021-05-25,Chennai,95.12
2704,187.0,2021-05-26,,
2705,187.0,2021-05-27,Chennai,95.33
2706,187.0,2021-05-28,,
2707,187.0,2021-05-29,Chennai,95.56
2708,187.0,2021-05-30,,
2709,187.0,2021-05-31,Chennai,95.81
2710,187.0,2021-06-01,Chennai,96.04
2711,187.0,2021-06-02,,
2712,187.0,2021-06-03,,
2713,187.0,2021-06-04,Chennai,96.28
2714,187.0,2021-06-05,,
2715,187.0,2021-06-06,Chennai,96.52
2716,187.0,2021-06-07,Chennai,96.77
2717,187.0,2021-06-08,,
2718,187.0,2021-06-09,Chennai,96.99
2719,187.0,2021-06-10,,
2720,187.0,2021-06-11,Chennai,97.24
2721,187.0,2021-06-12,Chennai,97.48
2722,187.0,2021-06-13,,
2723,187.0,2021-06-14,Chennai,97.74
2724,188.0,2021-06-15,,
2725,187.0,2021-06-16,Chennai,97.96
2726,176.0,2021-06-17,,
2727,176.0,2021-06-18,Chennai,98.2
2728,176.0,2021-06-19,,
2729,176.0,2021-06-20,Chennai,98.45
2730,176.0,2021-06-21,,
2731,176.0,2021-06-22,Chennai,98.7
2732,177.5,2021-06-23,,
2733,179.0,2021-06-24,Chennai,98.93
2734,179.0,2021-06-25,,
2735,179.0,2021-06-26,Chennai,99.24
2736,179.0,2021-06-27,Chennai,99.55
2737,179.0,2021-06-28,,
2738,179.0,2021-06-29,Chennai,99.85
2739,179.0,2021-06-30,,
2740,179.0,2021-07-01,,
2741,179.0,2021-07-02,Chennai,100.18
2742,179.0,2021-07-03,,
2743,179.0,2021-07-04,Chennai,100.49
2744,179.0,2021-07-05,Chennai,100.8
2745,179.0,2021-07-06,,
2746,179.0,2021-07-07,Chennai,101.11
2747,179.0,2021-07-08,Chennai,101.42
2748,179.0,2021-07-09,,
2749,179.0,2021-07-10,Chennai,101.73
2750,179.0,2021-07-11,,
2751,179.0,2021-07-12,Chennai,101.97
2752,179.0,2021-07-13,,
2753,172.0,2021-07-14,,
2754,172.0,2021-07-15,Chennai,102.28
2755,170.0,2021-07-16,,
2756,172.0,2021-07-17,Chennai,102.55
2757,172.0,2021-07-18,,
2758,172.0,2021-07-19,,
2759,172.0,2021-07-20,,
2760,172.0,2021-07-21,,
2761,173.0,2021-07-22,,
2762,173.0,2021-07-23,,
2763,173.0,2021-07-24,,
2764,173.0,2021-07-25,,
2765,173.0,2021-07-26,,
2766,173.0,2021-07-27,,
2767,173.0,2021-07-28,,
2768,173.0,2021-07-29,,
2769,173.0,2021-07-30,,
2770,173.0,2021-07-31,,
2771,173.0,2021-08-01,,
2772,173.0,2021-08-02,,
2773,173.0,2021-08-03,,
2774,173.0,2021-08-04,Chennai,102.55
2775,173.0,2021-08-05,Chennai,102.55
2776,173.0,2021-08-06,Chennai,102.55
2777,173.0,2021-08-07,Chennai,102.55
2778,173.0,2021-08-08,Chennai,102.55
2779,173.0,2021-08-09,Chennai,102.55
2780,173.0,2021-08-10,Chennai,102.55
2781,173.0,2021-08-11,Chennai,102.55
2782,171.0,2021-08-12,Chennai,102.55
2783,171.0,2021-08-13,Chennai,102.55
2784,171.0,2021-08-14,Chennai,102.55
2785,171.0,2021-08-15,Chennai,102.55
2786,171.0,2021-08-16,Chennai,102.55
2787,171.0,2021-08-17,Chennai,102.55
2788,171.0,2021-08-18,Chennai,102.55
2789,174.0,2021-08-19,Chennai,99.53
2790,174.0,2021-08-20,Chennai,99.53
2791,174.0,2021-08-21,Chennai,99.53
2792,174.0,2021-08-22,Chennai,99.37
2793,174.0,2021-08-23,Chennai,99.37
2794,174.0,2021-08-24,Chennai,99.25
2795,174.0,2021-08-25,Chennai,99.25
2796,174.0,2021-08-26,Chennai,99.25
2797,174.0,2021-08-27,Chennai,99.25
2798,174.0,2021-08-28,Chennai,99.25
2799,174.0,2021-08-29,Chennai,99.25
2800,174.0,2021-08-30,Chennai,99.25
2801,172.0,2021-08-31,Chennai,99.25
2802,174.0,2021-09-01,Chennai,99.11
2803,174.0,2021-09-02,Chennai,99.11
2804,174.0,2021-09-03,Chennai,99.11
2805,174.0,2021-09-04,,
2806,174.0,2021-09-05,Chennai,98.97
2807,174.0,2021-09-06,Chennai,98.97
2808,174.0,2021-09-07,Chennai,98.97
2809,174.0,2021-09-08,Chennai,98.97
2810,174.0,2021-09-09,Chennai,98.97
2811,174.0,2021-09-10,Chennai,98.97
2812,174.0,2021-09-11,Chennai,98.97
2813,174.0,2021-09-12,Chennai,98.97
2814,174.0,2021-09-13,Chennai,98.97
2815,174.0,2021-09-14,Chennai,98.97
2816,171.0,2021-09-15,Chennai,98.97
2817,171.0,2021-09-16,Chennai,98.97
2818,171.0,2021-09-17,Chennai,98.97
2819,171.0,2021-09-18,Chennai,98.97
2820,171.0,2021-09-19,Chennai,98.97
2821,171.0,2021-09-20,Chennai,98.97
2822,171.0,2021-09-21,Chennai,98.97
2823,171.0,2021-09-22,Chennai,98.97
2824,171.0,2021-09-23,Chennai,98.97
2825,171.0,2021-09-24,Chennai,98.97
2826,171.0,2021-09-25,Chennai,98.97
2827,171.0,2021-09-26,Chennai,98.97
2828,171.0,2021-09-27,Chennai,98.97
2829,171.0,2021-09-28,Chennai,99.14
2830,171.0,2021-09-29,Chennai,99.14
2831,171.0,2021-09-30,Chennai,99.34
2832,171.0,2021-10-01,Chennai,99.55
2833,171.0,2021-10-02,Chennai,99.76
2834,171.0,2021-10-03,Chennai,99.98
2835,171.0,2021-10-04,Chennai,99.98
2836,171.0,2021-10-05,Chennai,100.2
2837,171.0,2021-10-06,Chennai,100.46
2838,171.0,2021-10-07,Chennai,100.72
2839,171.0,2021-10-08,Chennai,100.98
2840,171.0,2021-10-09,Chennai,101.24
2841,171.0,2021-10-10,Chennai,101.5
2842,171.0,2021-10-11,Chennai,101.76
2843,171.0,2021-10-12,Chennai,101.76
2844,171.0,2021-10-13,Chennai,101.76
2845,171.0,2021-10-14,Chennai,102.06
2846,171.0,2021-10-15,Chennai,102.36
2847,171.0,2021-10-16,,
2848,171.0,2021-10-17,,
2849,171.0,2021-10-18,Chennai,102.97
2850,171.0,2021-10-19,Chennai,102.97
2851,171.0,2021-10-20,Chennai,103.27
2852,175.0,2021-10-21,Chennai,103.58
2853,175.0,2021-10-22,Chennai,103.88
2854,175.0,2021-10-23,Chennai,104.19
2855,175.0,2021-10-24,Chennai,104.49
2856,175.0,2021-10-25,Chennai,104.49
2857,175.0,2021-10-26,Chennai,104.49
2858,171.0,2021-10-27,Chennai,104.79
2859,167.0,2021-10-28,Chennai,105.1
2860,167.0,2021-10-29,Chennai,105.4
2861,167.0,2021-10-30,Chennai,105.7
2862,167.0,2021-10-31,Chennai,106.01
2863,167.0,2021-11-01,Chennai,106.33
2864,167.0,2021-11-02,Chennai,106.65
2865,167.0,2021-11-03,Chennai,106.65
2866,167.0,2021-11-04,Chennai,101.38
2867,167.0,2021-11-05,Chennai,101.38
2868,167.0,2021-11-06,Chennai,101.38
2869,167.0,2021-11-07,Chennai,101.38
2870,167.0,2021-11-08,Chennai,101.38
2871,167.0,2021-11-09,Chennai,101.38
2872,167.0,2021-11-10,Chennai,101.38
2873,167.0,2021-11-11,Chennai,101.38
2874,167.0,2021-11-12,Chennai,101.38
2875,167.0,2021-11-13,Chennai,101.38
2876,167.0,2021-11-14,Chennai,101.38
2877,167.0,2021-11-15,Chennai,101.38
2878,167.0,2021-11-16,Chennai,101.38
2879,167.0,2021-11-17,Chennai,101.38
2880,167.0,2021-11-18,Chennai,101.38
2881,169.0,2021-11-19,Chennai,101.38
2882,169.0,2021-11-20,Chennai,101.38
2883,167.5,2021-11-21,Chennai,101.38
2884,166.0,2021-11-22,Chennai,101.38
2885,167.0,2021-11-23,Chennai,101.38
2886,167.0,2021-11-24,Chennai,101.38
2887,167.0,2021-11-25,Chennai,101.38
2888,167.0,2021-11-26,Chennai,101.38
2889,167.0,2021-11-27,Chennai,101.38
2890,167.0,2021-11-28,Chennai,101.38
2891,167.0,2021-11-29,Chennai,101.38
2892,167.0,2021-11-30,Chennai,101.38
2893,167.0,2021-12-01,,
2894,169.0,2021-12-02,Chennai,101.38
2895,169.0,2021-12-03,Chennai,101.38
2896,169.0,2021-12-04,Chennai,101.38
2897,169.0,2021-12-05,Chennai,101.38
2898,169.0,2021-12-06,Chennai,101.38
2899,169.0,2021-12-07,Chennai,101.38
2900,169.0,2021-12-08,Chennai,101.38
2901,169.0,2021-12-09,Chennai,101.38
2902,169.0,2021-12-10,Chennai,101.38
2903,169.0,2021-12-11,Chennai,101.38
2904,169.0,2021-12-12,Chennai,101.38
2905,169.0,2021-12-13,Chennai,101.38
2906,169.0,2021-12-14,Chennai,101.38
2907,169.0,2021-12-15,Chennai,101.38
2908,169.0,2021-12-16,Chennai,101.38
2909,166.0,2021-12-17,Chennai,101.38
2910,166.0,2021-12-18,Chennai,101.38
2911,166.0,2021-12-19,Chennai,101.38
2912,166.0,2021-12-20,Chennai,101.38
2913,166.0,2021-12-21,Chennai,101.38
2914,166.0,2021-12-22,Chennai,101.38
2915,166.0,2021-12-23,Chennai,101.38
2916,166.0,2021-12-24,Chennai,101.38
2917,166.0,2021-12-25,Chennai,101.38
2918,166.0,2021-12-26,Chennai,101.38
2919,166.0,2021-12-27,Chennai,101.38
2920,166.0,2021-12-28,Chennai,101.38
2921,166.0,2021-12-29,Chennai,101.38
2922,166.0,2021-12-30,Chennai,101.38
2923,166.0,2021-12-31,Chennai,101.38
2924,166.0,2022-01-01,Chennai,101.38
2925,166.0,2022-01-02,Chennai,101.38
2926,166.0,2022-01-03,Chennai,101.38
2927,169.0,2022-01-04,Chennai,101.38
2928,163.0,2022-01-05,Chennai,101.38
2929,163.0,2022-01-06,Chennai,101.38
2930,163.0,2022-01-07,Chennai,101.38
2931,163.0,2022-01-08,Chennai,101.38
2932,161.5,2022-01-09,Chennai,101.38
2933,160.0,2022-01-10,Chennai,101.38
2934,160.0,2022-01-11,Chennai,101.38
2935,160.0,2022-01-12,Chennai,101.38
2936,160.0,2022-01-13,Chennai,101.38
2937,160.0,2022-01-14,Chennai,101.38
2938,160.0,2022-01-15,Chennai,101.38
2939,160.0,2022-01-16,Chennai,101.38
2940,160.0,2022-01-17,Chennai,101.38
2941,160.0,2022-01-18,Chennai,101.38
2942,160.0,2022-01-19,Chennai,101.38
2943,157.0,2022-01-20,Chennai,101.38
2944,157.0,2022-01-21,Chennai,101.38
2945,157.0,2022-01-22,Chennai,101.38
2946,157.0,2022-01-23,Chennai,101.38
2947,157.0,2022-01-24,Chennai,101.38
2948,157.0,2022-01-25,Chennai,101.38
2949,157.0,2022-01-26,Chennai,101.38
2950,157.0,2022-01-27,Chennai,101.38
2951,156.0,2022-01-28,Chennai,101.38
2952,156.0,2022-01-29,Chennai,101.38
2953,156.0,2022-01-30,Chennai,101.38
2954,156.0,2022-01-31,Chennai,101.38
2955,156.0,2022-02-01,Chennai,101.38
2956,160.0,2022-02-02,Chennai,101.38
2957,160.0,2022-02-03,Chennai,101.38
2958,160.0,2022-02-04,Chennai,101.38
2959,160.0,2022-02-05,Chennai,101.38
2960,160.0,2022-02-06,Chennai,101.38
2961,160.0,2022-02-07,Chennai,101.38
2962,160.0,2022-02-08,Chennai,101.38
2963,160.0,2022-02-09,Chennai,101.38
2964,160.0,2022-02-10,Chennai,101.38
2965,160.0,2022-02-11,Chennai,101.38
2966,160.0,2022-02-12,Chennai,101.38
2967,160.0,2022-02-13,Chennai,101.38
2968,160.0,2022-02-14,Chennai,101.38
2969,160.0,2022-02-15,Chennai,101.38
2970,163.0,2022-02-16,Chennai,101.38
2971,163.0,2022-02-17,Chennai,101.38
2972,163.0,2022-02-18,Chennai,101.38
2973,163.0,2022-02-19,Chennai,101.38
2974,163.0,2022-02-20,Chennai,101.38
2975,163.0,2022-02-21,Chennai,101.38
2976,163.0,2022-02-22,Chennai,101.38
2977,163.0,2022-02-23,Chennai,101.38
2978,163.0,2022-02-24,Chennai,101.38
2979,163.0,2022-02-25,Chennai,101.38
2980,163.0,2022-02-26,Chennai,101.38
2981,163.0,2022-02-27,Chennai,101.38
2982,163.0,2022-02-28,Chennai,101.38
2983,171.0,2022-03-01,Chennai,101.38
2984,171.0,2022-03-02,Chennai,101.38
2985,171.0,2022-03-03,Chennai,101.38
2986,171.0,2022-03-04,Chennai,101.38
2987,171.0,2022-03-05,Chennai,101.38
2988,171.0,2022-03-06,Chennai,101.38
2989,171.0,2022-03-07,Chennai,101.38
2990,175.0,2022-03-08,Chennai,101.38
2991,175.0,2022-03-09,Chennai,101.38
2992,175.0,2022-03-10,Chennai,101.38
2993,175.0,2022-03-11,Chennai,101.38
2994,175.0,2022-03-12,Chennai,101.38
2995,175.0,2022-03-13,Chennai,101.38
2996,175.0,2022-03-14,Chennai,101.38
2997,175.0,2022-03-15,Chennai,101.38
2998,175.0,2022-03-16,Chennai,101.38
2999,175.0,2022-03-17,Chennai,101.38
3000,175.0,2022-03-18,Chennai,101.38
3001,175.0,2022-03-19,Chennai,101.38
3002,175.0,2022-03-20,Chennai,101.38
3003,175.0,2022-03-21,Chennai,101.38
3004,175.0,2022-03-22,Chennai,102.14
3005,179.0,2022-03-23,Chennai,102.9
3006,179.0,2022-03-24,Chennai,102.9
3007,179.0,2022-03-25,Chennai,103.65
3008,179.0,2022-03-26,Chennai,104.41
3009,179.0,2022-03-27,Chennai,104.88
3010,179.0,2022-03-28,Chennai,105.16
3011,179.0,2022-03-29,Chennai,105.92
3012,176.0,2022-03-30,Chennai,106.68
3013,176.0,2022-03-31,Chennai,107.43
3014,176.0,2022-04-01,Chennai,107.43
3015,176.0,2022-04-02,Chennai,108.19
3016,176.0,2022-04-03,Chennai,108.94
3017,176.0,2022-04-04,Chennai,109.32
3018,177.0,2022-04-05,Chennai,110.08
3019,177.0,2022-04-06,Chennai,110.83
3020,177.0,2022-04-07,Chennai,110.83
3021,182.0,2022-04-08,Chennai,110.83
3022,182.0,2022-04-09,Chennai,110.83
3023,182.0,2022-04-10,Chennai,110.83
3024,182.0,2022-04-11,Chennai,110.83
3025,182.0,2022-04-12,Chennai,110.83
3026,182.0,2022-04-13,Chennai,110.83
3027,182.0,2022-04-14,Chennai,110.83
3028,182.0,2022-04-15,Chennai,110.83
3029,182.0,2022-04-16,Chennai,110.83
3030,182.0,2022-04-17,Chennai,110.83
3031,182.0,2022-04-18,Chennai,110.83
3032,182.0,2022-04-19,Chennai,110.83
3033,182.0,2022-04-20,Chennai,110.83
3034,182.0,2022-04-21,Chennai,110.83
3035,182.0,2022-04-22,Chennai,110.83
3036,182.0,2022-04-23,Chennai,110.83
3037,182.0,2022-04-24,Chennai,110.83
3038,182.0,2022-04-25,Chennai,110.83
3039,182.0,2022-04-26,Chennai,110.83
3040,182.0,2022-04-27,Chennai,110.83
3041,182.0,2022-04-28,Chennai,110.83
3042,182.0,2022-04-29,Chennai,110.83
3043,182.0,2022-04-30,Chennai,110.83
3044,182.0,2022-05-01,Chennai,110.83
3045,182.0,2022-05-02,Chennai,110.83
3046,182.0,2022-05-03,Chennai,110.83
3047,182.0,2022-05-04,Chennai,110.83
3048,187.0,2022-05-05,Chennai,110.83
3049,187.0,2022-05-06,Chennai,110.83
3050,187.0,2022-05-07,Chennai,110.83
3051,187.0,2022-05-08,Chennai,110.83
3052,187.0,2022-05-09,Chennai,110.83
3053,187.0,2022-05-10,Chennai,110.83
3054,187.0,2022-05-11,Chennai,110.83
3055,187.0,2022-05-12,Chennai,110.83
3056,187.0,2022-05-13,Chennai,110.83
3057,187.0,2022-05-14,Chennai,110.83
3058,187.0,2022-05-15,Chennai,110.83
3059,187.0,2022-05-16,Chennai,110.83
3060,187.0,2022-05-17,Chennai,110.83
3061,189.0,2022-05-18,Chennai,110.83
3062,189.0,2022-05-19,Chennai,110.83
3063,189.0,2022-05-20,Chennai,110.83
3064,189.0,2022-05-21,Chennai,110.83
3065,189.0,2022-05-22,Chennai,102.62
3066,189.0,2022-05-23,Chennai,102.62
3067,189.0,2022-05-24,Chennai,102.62
3068,189.0,2022-05-25,Chennai,102.62
3069,189.0,2022-05-26,Chennai,102.62
3070,187.0,2022-05-27,Chennai,102.62
3071,187.0,2022-05-28,Chennai,102.62
3072,187.0,2022-05-29,Chennai,102.62
3073,187.0,2022-05-30,Chennai,102.62
3074,187.0,2022-05-31,Chennai,102.62
3075,187.0,2022-06-01,Chennai,102.62
3076,187.0,2022-06-02,Chennai,102.62
3077,185.0,2022-06-03,Chennai,102.62
3078,185.0,2022-06-04,Chennai,102.62
3079,185.0,2022-06-05,Chennai,102.62
3080,185.0,2022-06-06,Chennai,102.62
3081,185.0,2022-06-07,Chennai,102.62
3082,185.0,2022-06-08,Chennai,102.62
3083,185.0,2022-06-09,Chennai,102.62
3084,185.0,2022-06-10,Chennai,102.62
3085,185.0,2022-06-11,Chennai,102.62
3086,185.0,2022-06-12,Chennai,102.62
3087,185.0,2022-06-13,Chennai,102.62
3088,186.0,2022-06-14,Chennai,102.62
3089,187.0,2022-06-15,Chennai,102.62
3090,192.0,2022-06-16,Chennai,102.62
3091,192.0,2022-06-17,Chennai,102.62
3092,192.0,2022-06-18,Chennai,102.62
3093,192.0,2022-06-19,Chennai,102.62
3094,192.0,2022-06-20,Chennai,102.62
3095,197.0,2022-06-21,Chennai,102.62
3096,197.0,2022-06-22,Chennai,102.62
3097,194.0,2022-06-23,Chennai,102.62
3098,196.0,2022-06-24,Chennai,102.62
3099,196.0,2022-06-25,Chennai,102.62
3100,196.0,2022-06-26,Chennai,102.62
3101,187.0,2022-06-27,Chennai,102.62
3102,187.0,2022-06-28,Chennai,102.62
3103,187.0,2022-06-29,Chennai,102.62
3104,187.0,2022-06-30,Chennai,102.62
3105,187.0,2022-07-01,Chennai,102.62
3106,187.0,2022-07-02,Chennai,102.62
3107,187.0,2022-07-03,Chennai,102.62
3108,192.0,2022-07-04,Chennai,102.62
3109,192.0,2022-07-05,Chennai,102.62
3110,192.0,2022-07-06,Chennai,102.62
3111,192.0,2022-07-07,Chennai,102.62
3112,192.0,2022-07-08,Chennai,102.62
3113,192.0,2022-07-09,Chennai,102.62
3114,192.0,2022-07-10,Chennai,102.62
3115,192.0,2022-07-11,Chennai,102.62
3116,192.0,2022-07-12,Chennai,102.62
3117,192.0,2022-07-13,Chennai,102.62
3118,187.0,2022-07-14,Chennai,102.62
3119,187.0,2022-07-15,Chennai,102.62
3120,188.0,2022-07-16,Chennai,102.62
3121,187.0,2022-07-17,Chennai,102.62
3122,187.0,2022-07-18,Chennai,102.62
3123,187.0,2022-07-19,Chennai,102.62
3124,182.0,2022-07-20,Chennai,102.62
3125,182.0,2022-07-21,Chennai,102.62
3126,182.0,2022-07-22,Chennai,102.62
3127,182.0,2022-07-23,Chennai,102.62
3128,182.0,2022-07-24,Chennai,102.62
3129,182.0,2022-07-25,Chennai,102.62
3130,182.0,2022-07-26,Chennai,102.62
3131,182.0,2022-07-27,Chennai,102.62
3132,182.0,2022-07-28,Chennai,102.62
3133,179.0,2022-07-29,Chennai,102.62
